fw_month,size_cat,start_dt,end_dt,n,cohort_n,cust_land,cust_xpand,cust_decl,cust_term,cust_lost10,p_cust_xpand,avg_arr_xpand,p_cust_decl,avg_arr_decl,agg_seats_begin,agg_seats_end,agg_seats_lost,agg_seats_dg,agg_seats_term,agg_seats_add,agg_seats_xpand,agg_seats_land,agg_seats_netren,agg_arr_begin,agg_arr_end,agg_arr_lost,agg_arr_dg,agg_arr_term,agg_arr_add,agg_arr_xpand,agg_arr_land,agg_arr_netren,churn_seats,p_seats_retain,p_seats_xpand,churn_seats_term,churn_seats_dg,churn_arr,p_arr_retain,p_arr_xpand,churn_arr_term,churn_arr_dg,churn_cust_10seat,net_renew_seats,net_renew_arr
2014-03-01,>=1000,2014-03-01,2015-03-01,40,40,0,23,10,2,2,0.575,351,0.25,271.3,112593,143147,7254,2954,4300,37808,37808,0,143147,26.838,32.198,2.713,1.162,1.552,8.073,8.073,0,32.198,0.064,0.936,0.336,0.038,0.026,0.101,0.899,0.301,0.058,0.043,0.05,1.271,1.2
2014-03-01,<1000,2014-03-01,2015-03-01,275,275,0,144,88,20,30,0.524,43.5,0.32,46.4,75994,83325,11656,7890,3766,18987,18987,0,83325,27.118,29.294,4.085,2.635,1.45,6.261,6.261,0,29.294,0.153,0.847,0.25,0.05,0.104,0.151,0.849,0.231,0.053,0.097,0.109,1.096,1.08
2014-03-01,<100,2014-03-01,2015-03-01,852,847,1,239,387,249,180,0.282,11.1,0.457,7.6,22578,21568,6922,2063,4859,5912,5912,0,21568,9.37,9.093,2.93,0.921,2.008,2.653,2.642,0.01,9.083,0.307,0.693,0.262,0.215,0.091,0.313,0.687,0.282,0.214,0.098,0.278,0.955,0.969
2014-04-01,>=1000,2014-04-01,2015-04-01,40,40,0,22,12,2,2,0.55,305.5,0.3,226,124555,152412,7344,3044,4300,35201,35201,0,152412,29.599,33.608,2.711,1.16,1.552,6.72,6.72,0,33.608,0.059,0.941,0.283,0.035,0.024,0.092,0.908,0.227,0.052,0.039,0.05,1.224,1.135
2014-04-01,<1000,2014-04-01,2015-04-01,270,270,0,141,89,18,29,0.522,51.1,0.33,44.2,75803,86195,11114,7778,3336,21506,21506,0,86195,27.102,30.379,3.933,2.657,1.276,7.211,7.211,0,30.379,0.147,0.853,0.284,0.044,0.103,0.145,0.855,0.266,0.047,0.098,0.107,1.137,1.121
2014-04-01,<100,2014-04-01,2015-04-01,842,835,2,245,369,237,171,0.293,12.1,0.442,7.6,22628,22800,6521,1842,4679,6693,6693,0,22800,9.409,9.61,2.795,0.828,1.967,2.997,2.975,0.022,9.588,0.288,0.712,0.296,0.207,0.081,0.297,0.703,0.316,0.209,0.088,0.268,1.008,1.019
2014-05-01,>=1000,2014-05-01,2015-05-01,41,41,0,23,12,2,2,0.561,268.1,0.293,225.3,128023,154391,7331,3031,4300,33699,33699,0,154391,30.703,34.166,2.703,1.151,1.552,6.167,6.167,0,34.166,0.057,0.943,0.263,0.034,0.024,0.088,0.912,0.201,0.051,0.038,0.049,1.206,1.113
2014-05-01,<1000,2014-05-01,2015-05-01,270,270,0,140,85,16,28,0.519,50.2,0.315,45.7,76031,86403,10913,7852,3061,21285,21285,0,86403,27.221,30.375,3.881,2.694,1.187,7.035,7.035,0,30.375,0.144,0.856,0.28,0.04,0.103,0.143,0.857,0.258,0.044,0.099,0.104,1.136,1.116
2014-05-01,<100,2014-05-01,2015-05-01,842,835,2,255,365,244,172,0.305,11.6,0.437,7.6,22400,22467,6463,1843,4620,6530,6530,0,22467,9.387,9.588,2.779,0.83,1.949,2.979,2.957,0.022,9.566,0.289,0.711,0.292,0.206,0.082,0.296,0.704,0.315,0.208,0.088,0.272,1.003,1.019
2014-06-01,>=1000,2014-06-01,2015-06-01,41,41,0,23,12,2,2,0.561,269.1,0.293,226.9,128809,155483,7393,3093,4300,34067,34067,0,155483,31.007,34.472,2.723,1.171,1.552,6.188,6.188,0,34.472,0.057,0.943,0.264,0.033,0.024,0.088,0.912,0.2,0.05,0.038,0.049,1.207,1.112
2014-06-01,<1000,2014-06-01,2015-06-01,271,271,0,135,91,16,28,0.498,50.6,0.336,43.9,77017,86797,11096,7943,3153,20876,20876,0,86797,27.734,30.569,3.994,2.767,1.227,6.828,6.828,0,30.569,0.144,0.856,0.271,0.041,0.103,0.144,0.856,0.246,0.044,0.1,0.103,1.127,1.102
2014-06-01,<100,2014-06-01,2015-06-01,835,828,2,245,364,237,165,0.296,11.3,0.44,7.4,22093,22064,6185,1973,4212,6156,6156,0,22064,9.302,9.419,2.68,0.878,1.802,2.797,2.773,0.024,9.396,0.28,0.72,0.279,0.191,0.089,0.288,0.712,0.298,0.194,0.094,0.262,0.999,1.01
2014-07-01,>=1000,2014-07-01,2015-07-01,42,42,0,24,13,2,2,0.571,328.9,0.31,186,130559,173352,8146,3846,4300,50939,50939,0,173352,30.879,36.356,2.418,1.413,1.005,7.894,7.894,0,36.356,0.062,0.938,0.39,0.033,0.029,0.078,0.922,0.256,0.033,0.046,0.048,1.328,1.177
2014-07-01,<1000,2014-07-01,2015-07-01,274,274,0,135,90,19,32,0.493,46.9,0.328,52.1,79457,87090,13348,8205,5143,20981,20981,0,87090,28.823,30.457,4.692,2.832,1.86,6.326,6.326,0,30.457,0.168,0.832,0.264,0.065,0.103,0.163,0.837,0.219,0.065,0.098,0.117,1.096,1.057
2014-07-01,<100,2014-07-01,2015-07-01,829,823,1,240,361,226,155,0.292,9.4,0.439,7.4,21908,20308,6159,2167,3992,4559,4559,0,20308,9.197,8.799,2.676,0.972,1.704,2.278,2.266,0.012,8.787,0.281,0.719,0.208,0.182,0.099,0.291,0.709,0.246,0.185,0.106,0.25,0.927,0.955
2014-08-01,>=1000,2014-08-01,2015-08-01,42,42,0,24,12,2,2,0.571,334.4,0.286,206.5,131249,174299,8278,3978,4300,51328,51328,0,174299,31.036,36.583,2.478,1.473,1.005,8.025,8.025,0,36.583,0.063,0.937,0.391,0.033,0.03,0.08,0.92,0.259,0.032,0.047,0.048,1.328,1.179
2014-08-01,<1000,2014-08-01,2015-08-01,270,270,0,134,89,20,33,0.496,47.3,0.33,53.8,79762,87125,13705,8447,5258,21068,21068,0,87125,28.951,30.501,4.79,2.924,1.866,6.339,6.339,0,30.501,0.172,0.828,0.264,0.066,0.106,0.165,0.835,0.219,0.064,0.101,0.122,1.092,1.054
2014-08-01,<100,2014-08-01,2015-08-01,827,820,2,240,355,225,153,0.293,10.9,0.433,7.5,22280,21595,6083,2101,3982,5398,5398,0,21595,9.357,9.341,2.649,0.923,1.726,2.633,2.607,0.026,9.315,0.273,0.727,0.242,0.179,0.094,0.283,0.717,0.279,0.184,0.099,0.248,0.969,0.995
2014-09-01,>=1000,2014-09-01,2015-09-01,43,43,0,27,11,1,1,0.628,309,0.256,190.3,134417,182036,7350,4350,3e3,54969,54969,0,182036,31.64,37.889,2.093,1.493,0.6,8.343,8.343,0,37.889,0.055,0.945,0.409,0.022,0.032,0.066,0.934,0.264,0.019,0.047,0.023,1.354,1.198
2014-09-01,<1000,2014-09-01,2015-09-01,269,269,0,128,93,23,34,0.476,45.6,0.346,55.4,79873,84768,14566,8547,6019,19461,19461,0,84768,29.3,29.984,5.153,2.948,2.205,5.837,5.837,0,29.984,0.182,0.818,0.244,0.075,0.107,0.176,0.824,0.199,0.075,0.101,0.126,1.061,1.023
2014-09-01,<100,2014-09-01,2015-09-01,828,821,2,237,358,231,155,0.289,11.3,0.436,7.5,22283,21716,6094,1955,4139,5527,5527,0,21716,9.402,9.416,2.683,0.878,1.805,2.697,2.671,0.026,9.39,0.273,0.727,0.248,0.186,0.088,0.285,0.715,0.284,0.192,0.093,0.251,0.975,0.999
2014-10-01,>=1000,2014-10-01,2015-10-01,43,43,0,27,12,2,2,0.628,327,0.279,191.8,135802,186258,7734,3144,4590,58190,58190,0,186258,31.998,38.527,2.301,1.073,1.228,8.829,8.829,0,38.527,0.057,0.943,0.428,0.034,0.023,0.072,0.928,0.276,0.038,0.034,0.047,1.372,1.204
2014-10-01,<1000,2014-10-01,2015-10-01,271,271,0,127,93,23,33,0.469,48.8,0.343,55.6,79931,86118,14329,8203,6126,20516,20516,0,86118,29.595,30.629,5.167,2.916,2.251,6.202,6.202,0,30.629,0.179,0.821,0.257,0.077,0.103,0.175,0.825,0.21,0.076,0.099,0.122,1.077,1.035
2014-10-01,<100,2014-10-01,2015-10-01,821,814,2,229,364,230,161,0.281,9.8,0.447,7.6,22211,20644,6228,2141,4087,4661,4661,0,20644,9.388,8.877,2.77,0.962,1.808,2.259,2.233,0.026,8.851,0.28,0.72,0.21,0.184,0.096,0.295,0.705,0.238,0.193,0.102,0.261,0.929,0.943
2014-11-01,>=1000,2014-11-01,2015-11-01,42,42,0,28,10,1,1,0.667,323.9,0.238,139.1,139810,193913,4817,1817,3e3,58920,58920,0,193913,31.72,39.396,1.391,0.791,0.6,9.068,9.068,0,39.396,0.034,0.966,0.421,0.021,0.013,0.044,0.956,0.286,0.019,0.025,0.024,1.387,1.242
2014-11-01,<1000,2014-11-01,2015-11-01,277,277,0,127,97,26,37,0.458,49.4,0.35,58.4,82375,83445,15554,8894,6660,16624,16624,0,83445,30.619,31.219,5.669,3.125,2.544,6.269,6.269,0,31.219,0.189,0.811,0.202,0.081,0.108,0.185,0.815,0.205,0.083,0.102,0.134,1.013,1.02
2014-11-01,<100,2014-11-01,2015-11-01,820,813,2,216,370,235,164,0.266,10.1,0.455,7.5,22255,20518,6247,2114,4133,4510,4510,0,20518,9.406,8.845,2.769,0.956,1.813,2.208,2.179,0.029,8.816,0.281,0.719,0.203,0.186,0.095,0.294,0.706,0.232,0.193,0.102,0.266,0.922,0.937
2014-12-01,>=1000,2014-12-01,2015-12-01,42,42,0,30,8,1,1,0.714,310.7,0.19,154.3,141893,196776,4861,1861,3e3,59744,59744,0,196776,32.006,40.094,1.235,0.635,0.6,9.322,9.322,0,40.094,0.034,0.966,0.421,0.021,0.013,0.039,0.961,0.291,0.019,0.02,0.024,1.387,1.253
2014-12-01,<1000,2014-12-01,2015-12-01,282,282,0,133,95,30,40,0.472,48.7,0.337,61.6,83284,85003,15811,8013,7798,17530,17530,0,85003,31.083,31.716,5.848,2.953,2.895,6.48,6.48,0,31.716,0.19,0.81,0.21,0.094,0.096,0.188,0.812,0.208,0.093,0.095,0.142,1.021,1.02
2014-12-01,<100,2014-12-01,2015-12-01,813,806,2,207,368,233,166,0.257,13.7,0.457,7.7,22085,22044,6383,2183,4200,6342,6342,0,22044,9.376,9.422,2.824,0.983,1.841,2.871,2.842,0.029,9.393,0.289,0.711,0.287,0.19,0.099,0.301,0.699,0.303,0.196,0.105,0.272,0.998,1.002
2015-01-01,>=1000,2015-01-01,2016-01-01,42,42,0,31,8,0,0,0.738,317.2,0.19,137.8,153985,199864,8168,8168,0,54047,54047,0,199864,33.868,42.6,1.103,1.103,0,9.835,9.835,0,42.6,0.053,0.947,0.351,0,0.053,0.033,0.967,0.29,0,0.033,0,1.298,1.258
2015-01-01,<1000,2015-01-01,2016-01-01,282,282,0,129,95,29,37,0.457,59.1,0.337,62.8,84132,88995,15596,8391,7205,20459,20459,0,88995,31.752,33.414,5.962,3.263,2.699,7.624,7.624,0,33.414,0.185,0.815,0.243,0.086,0.1,0.188,0.812,0.24,0.085,0.103,0.131,1.058,1.052
2015-01-01,<100,2015-01-01,2016-01-01,804,797,2,200,368,230,167,0.251,13,0.462,7.6,22024,21610,6188,2088,4100,5774,5774,0,21610,9.379,9.223,2.795,0.966,1.829,2.638,2.609,0.029,9.194,0.281,0.719,0.262,0.186,0.095,0.298,0.702,0.278,0.195,0.103,0.274,0.981,0.98
2015-02-01,>=1000,2015-02-01,2016-02-01,42,42,0,31,8,0,0,0.738,314.4,0.19,125.4,154193,200305,8258,8258,0,54370,54370,0,200305,34.031,42.774,1.003,1.003,0,9.747,9.747,0,42.774,0.054,0.946,0.353,0,0.054,0.029,0.971,0.286,0,0.029,0,1.299,1.257
2015-02-01,<1000,2015-02-01,2016-02-01,278,278,0,126,94,29,38,0.453,59.9,0.338,62,83473,88890,15151,8151,7e3,20568,20568,0,88890,31.638,33.362,5.827,3.212,2.615,7.551,7.551,0,33.362,0.182,0.818,0.246,0.084,0.098,0.184,0.816,0.239,0.083,0.102,0.137,1.065,1.054
2015-02-01,<100,2015-02-01,2016-02-01,794,787,2,202,365,228,171,0.257,13.1,0.464,7.7,22038,21636,6292,2141,4151,5890,5890,0,21636,9.402,9.245,2.825,0.983,1.842,2.667,2.638,0.029,9.216,0.286,0.714,0.267,0.188,0.097,0.3,0.7,0.281,0.196,0.105,0.283,0.982,0.98
2015-03-01,>=1000,2015-03-01,2016-03-01,44,44,0,32,10,1,1,0.727,318.1,0.227,162.5,157233,203884,11046,9846,1200,57697,57697,0,203884,35.299,43.853,1.625,1.151,0.473,10.179,10.179,0,43.853,0.07,0.93,0.367,0.008,0.063,0.046,0.954,0.288,0.013,0.033,0.023,1.297,1.242
2015-03-01,<1000,2015-03-01,2016-03-01,283,283,0,127,98,33,42,0.449,72,0.346,62.5,83635,92957,15890,7900,7990,25212,25212,0,92957,31.587,34.606,6.125,3.103,3.022,9.144,9.144,0,34.606,0.19,0.81,0.301,0.096,0.094,0.194,0.806,0.289,0.096,0.098,0.148,1.111,1.096
2015-03-01,<100,2015-03-01,2016-03-01,783,775,2,196,363,225,173,0.253,14.3,0.468,7.8,21527,21194,6403,2408,3995,6070,6070,0,21194,9.129,9.12,2.848,1.076,1.772,2.839,2.81,0.029,9.091,0.297,0.703,0.282,0.186,0.112,0.312,0.688,0.308,0.194,0.118,0.29,0.985,0.996
2015-04-01,>=1000,2015-04-01,2016-04-01,47,47,0,32,11,1,1,0.681,298.6,0.234,367.7,171320,199397,22559,21059,1500,50636,50636,0,199397,38.381,43.892,4.044,3.471,0.573,9.555,9.555,0,43.892,0.132,0.868,0.296,0.009,0.123,0.105,0.895,0.249,0.015,0.09,0.021,1.164,1.144
2015-04-01,<1000,2015-04-01,2016-04-01,282,282,0,124,100,34,44,0.44,63.4,0.355,63.3,82665,88217,16194,7930,8264,21746,21746,0,88217,31.462,32.985,6.335,3.138,3.196,7.858,7.858,0,32.985,0.196,0.804,0.263,0.1,0.096,0.201,0.799,0.25,0.102,0.1,0.156,1.067,1.048
2015-04-01,<100,2015-04-01,2016-04-01,780,774,1,195,366,219,172,0.252,13,0.473,7.8,21471,20640,6381,2436,3945,5550,5550,0,20640,9.138,8.84,2.846,1.093,1.753,2.547,2.533,0.014,8.825,0.297,0.703,0.258,0.184,0.113,0.311,0.689,0.277,0.192,0.12,0.288,0.961,0.966
2015-05-01,>=1000,2015-05-01,2016-05-01,47,47,0,31,12,1,1,0.66,322.6,0.255,325.1,172382,206834,22484,20984,1500,56936,56936,0,206834,38.507,44.606,3.901,3.327,0.573,10,10,0,44.606,0.13,0.87,0.33,0.009,0.122,0.101,0.899,0.26,0.015,0.086,0.021,1.2,1.158
2015-05-01,<1000,2015-05-01,2016-05-01,284,284,0,122,108,35,45,0.43,61.8,0.38,60.1,83975,88426,16883,8435,8448,21334,21334,0,88426,32.047,33.086,6.496,3.287,3.208,7.534,7.534,0,33.086,0.201,0.799,0.254,0.101,0.1,0.203,0.797,0.235,0.1,0.103,0.158,1.053,1.032
2015-05-01,<100,2015-05-01,2016-05-01,762,756,1,189,352,210,170,0.25,13.7,0.466,7.9,20978,20463,6163,2281,3882,5648,5648,0,20463,8.956,8.782,2.772,1.035,1.738,2.599,2.585,0.014,8.768,0.294,0.706,0.269,0.185,0.109,0.31,0.69,0.289,0.194,0.116,0.29,0.975,0.979
2015-06-01,>=1000,2015-06-01,2016-06-01,47,47,0,31,12,1,1,0.66,323.9,0.255,328.2,173482,207710,22485,20985,1500,56713,56713,0,207710,38.816,44.919,3.938,3.365,0.573,10.042,10.042,0,44.919,0.13,0.87,0.327,0.009,0.121,0.101,0.899,0.259,0.015,0.087,0.021,1.197,1.157
2015-06-01,<1000,2015-06-01,2016-06-01,282,282,0,125,113,36,49,0.443,61.7,0.401,59.1,83907,88094,17432,8905,8527,21619,21619,0,88094,32.011,33.035,6.683,3.446,3.237,7.707,7.707,0,33.035,0.208,0.792,0.258,0.102,0.106,0.209,0.791,0.241,0.101,0.108,0.174,1.05,1.032
2015-06-01,<100,2015-06-01,2016-06-01,765,758,2,189,356,214,172,0.249,15.7,0.47,7.8,21380,21960,6171,2234,3937,6751,6751,0,21960,9.175,9.364,2.787,1.017,1.77,2.976,2.959,0.018,9.347,0.289,0.711,0.316,0.184,0.104,0.304,0.696,0.322,0.193,0.111,0.291,1.027,1.019
2015-07-01,>=1000,2015-07-01,2016-07-01,47,47,0,31,10,1,1,0.66,270.3,0.213,347.8,191748,210597,21022,19522,1500,39871,39871,0,210597,40.444,45.346,3.478,2.905,0.573,8.38,8.38,0,45.346,0.11,0.89,0.208,0.008,0.102,0.086,0.914,0.207,0.014,0.072,0.021,1.098,1.121
2015-07-01,<1000,2015-07-01,2016-07-01,279,279,0,128,105,27,40,0.459,63.3,0.376,55.2,82343,87984,15217,9360,5857,20858,20858,0,87984,31.563,33.876,5.796,3.445,2.351,8.109,8.109,0,33.876,0.185,0.815,0.253,0.071,0.114,0.184,0.816,0.257,0.074,0.109,0.143,1.069,1.073
2015-07-01,<100,2015-07-01,2016-07-01,764,758,1,187,358,216,176,0.247,12.6,0.472,8.3,21466,20079,6501,2376,4125,5114,5114,0,20079,9.302,8.683,2.978,1.095,1.884,2.359,2.356,0.003,8.679,0.303,0.697,0.238,0.192,0.111,0.32,0.68,0.253,0.203,0.118,0.297,0.935,0.933
2015-08-01,>=1000,2015-08-01,2016-08-01,47,47,0,31,10,1,1,0.66,267.5,0.213,347.8,192754,211191,21022,19522,1500,39459,39459,0,211191,40.69,45.505,3.478,2.905,0.573,8.293,8.293,0,45.505,0.109,0.891,0.205,0.008,0.101,0.085,0.915,0.204,0.014,0.071,0.021,1.096,1.118
2015-08-01,<1000,2015-08-01,2016-08-01,282,282,0,134,102,26,40,0.475,67.1,0.362,60.2,83676,90572,15951,10208,5743,22847,22847,0,90572,32.225,35.083,6.14,3.827,2.313,8.998,8.998,0,35.083,0.191,0.809,0.273,0.069,0.122,0.191,0.809,0.279,0.072,0.119,0.142,1.082,1.089
2015-08-01,<100,2015-08-01,2016-08-01,758,752,1,187,361,217,181,0.249,12.1,0.48,8.6,21487,19539,6781,2495,4286,4833,4833,0,19539,9.313,8.484,3.088,1.138,1.949,2.258,2.255,0.003,8.48,0.316,0.684,0.225,0.199,0.116,0.332,0.668,0.242,0.209,0.122,0.305,0.909,0.911
2015-09-01,>=1000,2015-09-01,2016-09-01,47,47,0,29,11,1,1,0.617,319.2,0.234,323.4,197941,217428,20828,19328,1500,40315,40315,0,217428,41.276,46.974,3.558,2.984,0.573,9.256,9.256,0,46.974,0.105,0.895,0.204,0.008,0.098,0.086,0.914,0.224,0.014,0.072,0.021,1.098,1.138
2015-09-01,<1000,2015-09-01,2016-09-01,279,279,0,133,97,23,37,0.477,69.8,0.348,60.4,83169,91515,15248,10177,5071,23594,23594,0,91515,32.19,35.621,5.859,3.855,2.004,9.29,9.29,0,35.621,0.183,0.817,0.284,0.061,0.122,0.182,0.818,0.289,0.062,0.12,0.133,1.1,1.107
2015-09-01,<100,2015-09-01,2016-09-01,745,737,1,182,355,211,179,0.247,13.3,0.482,8.5,21401,19874,6734,2553,4181,5207,5207,0,19874,9.264,8.662,3.033,1.174,1.859,2.431,2.428,0.003,8.659,0.315,0.685,0.243,0.195,0.119,0.327,0.673,0.262,0.201,0.127,0.304,0.929,0.935
2015-10-01,>=1000,2015-10-01,2016-10-01,48,48,0,31,13,2,2,0.646,245.1,0.271,331.5,203574,211147,24869,20669,4200,32442,32442,0,211147,42.443,45.731,4.309,2.978,1.331,7.597,7.597,0,45.731,0.122,0.878,0.159,0.021,0.102,0.102,0.898,0.179,0.031,0.07,0.042,1.037,1.077
2015-10-01,<1000,2015-10-01,2016-10-01,281,281,0,127,126,49,62,0.452,73.3,0.448,66.8,83050,85570,21594,9850,11744,24114,24114,0,85570,32.264,33.158,8.415,3.865,4.55,9.309,9.309,0,33.158,0.26,0.74,0.29,0.141,0.119,0.261,0.739,0.289,0.141,0.12,0.221,1.03,1.028
2015-10-01,<100,2015-10-01,2016-10-01,737,729,1,180,402,254,208,0.247,12.1,0.551,8.6,21098,17719,8065,2559,5506,4686,4686,0,17719,9.112,7.822,3.476,1.109,2.367,2.186,2.183,0.003,7.818,0.382,0.618,0.222,0.261,0.121,0.381,0.619,0.24,0.26,0.122,0.361,0.84,0.858
2015-11-01,>=1000,2015-11-01,2016-11-01,49,49,0,29,15,1,1,0.592,248.2,0.306,254.2,205689,214497,22899,21399,1500,31707,31707,0,214497,43.284,46.669,3.813,3.24,0.573,7.199,7.199,0,46.669,0.111,0.889,0.154,0.007,0.104,0.088,0.912,0.166,0.013,0.075,0.02,1.043,1.078
2015-11-01,<1000,2015-11-01,2016-11-01,281,281,0,140,110,34,47,0.498,73.7,0.391,62.6,82268,90377,17902,9655,8247,26011,26011,0,90377,31.994,35.421,6.891,3.802,3.09,10.319,10.319,0,35.421,0.218,0.782,0.316,0.1,0.117,0.215,0.785,0.323,0.097,0.119,0.167,1.099,1.107
2015-11-01,<100,2015-11-01,2016-11-01,726,719,0,188,363,221,185,0.261,11.7,0.505,8.6,20780,18235,7286,2457,4829,4741,4741,0,18235,8.989,8.079,3.118,1.075,2.043,2.208,2.208,0,8.079,0.351,0.649,0.228,0.232,0.118,0.347,0.653,0.246,0.227,0.12,0.325,0.878,0.899
2015-12-01,>=1000,2015-12-01,2016-12-01,52,52,0,33,14,2,3,0.635,301.1,0.269,285.3,215480,238824,19788,16233,3555,43132,43132,0,238824,45.887,51.831,3.994,3.082,0.911,9.937,9.937,0,51.831,0.092,0.908,0.2,0.016,0.075,0.087,0.913,0.217,0.02,0.067,0.058,1.108,1.13
2015-12-01,<1000,2015-12-01,2016-12-01,276,276,0,140,100,30,44,0.507,63.2,0.362,63.7,82061,87513,16363,8866,7497,21815,21815,0,87513,32.064,34.545,6.367,3.538,2.829,8.849,8.849,0,34.545,0.199,0.801,0.266,0.091,0.108,0.199,0.801,0.276,0.088,0.11,0.159,1.066,1.077
2015-12-01,<100,2015-12-01,2016-12-01,715,709,0,190,344,213,176,0.268,11.6,0.485,8.5,20448,18080,6901,2322,4579,4533,4533,0,18080,8.86,8.129,2.927,0.997,1.93,2.195,2.195,0,8.129,0.337,0.663,0.222,0.224,0.114,0.33,0.67,0.248,0.218,0.113,0.317,0.884,0.917
2016-01-01,>=1000,2016-01-01,2017-01-01,55,55,0,32,17,4,5,0.582,227.6,0.309,361.5,223660,244320,23590,17484,6106,44250,44250,0,244320,50.288,51.426,6.145,4.335,1.81,7.283,7.283,0,51.426,0.105,0.895,0.198,0.027,0.078,0.122,0.878,0.145,0.036,0.086,0.091,1.092,1.023
2016-01-01,<1000,2016-01-01,2017-01-01,274,274,0,130,110,38,54,0.474,51,0.401,64.5,80442,78596,18637,8372,10265,16791,16791,0,78596,31.623,31.149,7.099,3.354,3.745,6.624,6.624,0,31.149,0.232,0.768,0.209,0.128,0.104,0.224,0.776,0.209,0.118,0.106,0.197,0.977,0.985
2016-01-01,<100,2016-01-01,2017-01-01,702,694,0,185,342,209,176,0.267,9.9,0.493,8.4,20256,17042,7032,2286,4746,3818,3818,0,17042,8.705,7.667,2.871,0.969,1.902,1.834,1.834,0,7.667,0.347,0.653,0.188,0.234,0.113,0.33,0.67,0.211,0.219,0.111,0.321,0.841,0.881
2016-02-01,>=1000,2016-02-01,2017-02-01,55,55,0,32,19,3,5,0.582,217.7,0.345,405.7,224229,239861,28400,22745,5655,44032,44032,0,239861,50.501,49.76,7.708,5.953,1.754,6.967,6.967,0,49.76,0.127,0.873,0.196,0.025,0.101,0.153,0.847,0.138,0.035,0.118,0.091,1.07,0.985
2016-02-01,<1000,2016-02-01,2017-02-01,273,273,0,124,118,39,56,0.454,54.5,0.432,64.7,80916,78091,20030,9625,10405,17205,17205,0,78091,31.855,30.981,7.633,3.781,3.851,6.759,6.759,0,30.981,0.248,0.752,0.213,0.129,0.119,0.24,0.76,0.212,0.121,0.119,0.205,0.965,0.973
2016-02-01,<100,2016-02-01,2017-02-01,697,688,0,177,355,223,180,0.257,9.4,0.516,8.5,20261,16344,7385,2268,5117,3468,3468,0,16344,8.703,7.361,3.006,0.961,2.045,1.665,1.665,0,7.361,0.364,0.636,0.171,0.253,0.112,0.345,0.655,0.191,0.235,0.11,0.332,0.807,0.846
2016-03-01,>=1000,2016-03-01,2017-03-01,57,57,0,32,19,3,5,0.561,241.4,0.333,320.5,229877,250837,24160,21005,3155,45120,45120,0,250837,51.869,53.505,6.089,5.515,0.575,7.726,7.726,0,53.505,0.105,0.895,0.196,0.014,0.091,0.117,0.883,0.149,0.011,0.106,0.088,1.091,1.032
2016-03-01,<1000,2016-03-01,2017-03-01,278,278,0,133,114,34,47,0.478,71.4,0.41,56.4,82622,90430,17525,9371,8154,25333,25333,0,90430,32.719,35.784,6.429,3.378,3.051,9.493,9.493,0,35.784,0.212,0.788,0.307,0.099,0.113,0.196,0.804,0.29,0.093,0.103,0.169,1.095,1.094
2016-03-01,<100,2016-03-01,2017-03-01,683,675,0,169,340,212,169,0.25,11.2,0.504,8.2,19584,17185,6918,2081,4837,4519,4519,0,17185,8.437,7.531,2.804,0.852,1.951,1.898,1.898,0,7.531,0.353,0.647,0.231,0.247,0.106,0.332,0.668,0.225,0.231,0.101,0.317,0.878,0.893
2016-04-01,>=1000,2016-04-01,2017-04-01,56,56,0,32,17,3,5,0.571,237.8,0.304,218.5,220088,251997,13266,9836,3430,45175,45175,0,251997,49.863,53.756,3.714,3.094,0.621,7.608,7.608,0,53.756,0.06,0.94,0.205,0.016,0.045,0.074,0.926,0.153,0.012,0.062,0.089,1.145,1.078
2016-04-01,<1000,2016-04-01,2017-04-01,277,277,0,135,114,32,44,0.487,71.8,0.412,55,82717,91451,17094,9401,7693,25828,25828,0,91451,32.779,36.192,6.275,3.408,2.867,9.689,9.689,0,36.192,0.207,0.793,0.312,0.093,0.114,0.191,0.809,0.296,0.087,0.104,0.159,1.106,1.104
2016-04-01,<100,2016-04-01,2017-04-01,673,666,0,165,358,234,188,0.248,12.2,0.538,8.7,19210,16312,7576,2198,5378,4678,4678,0,16312,8.302,7.202,3.106,0.923,2.183,2.006,2.006,0,7.202,0.394,0.606,0.244,0.28,0.114,0.374,0.626,0.242,0.263,0.111,0.362,0.849,0.867
2016-05-01,>=1000,2016-05-01,2017-05-01,57,57,0,31,20,3,5,0.544,254.1,0.351,318.5,228791,246980,22695,19265,3430,40884,40884,0,246980,50.983,52.49,6.369,5.749,0.621,7.877,7.877,0,52.49,0.099,0.901,0.179,0.015,0.084,0.125,0.875,0.154,0.012,0.113,0.088,1.08,1.03
2016-05-01,<1000,2016-05-01,2017-05-01,273,273,0,123,118,37,48,0.451,69.3,0.432,57.7,83167,86280,19534,9501,10033,22647,22647,0,86280,32.66,34.372,6.814,3.504,3.31,8.526,8.526,0,34.372,0.235,0.765,0.272,0.121,0.114,0.209,0.791,0.261,0.101,0.107,0.176,1.037,1.052
2016-05-01,<100,2016-05-01,2017-05-01,667,660,0,161,357,236,193,0.244,12.9,0.541,8.7,19127,16433,7591,2143,5448,4897,4897,0,16433,8.287,7.269,3.103,0.892,2.211,2.085,2.085,0,7.269,0.397,0.603,0.256,0.285,0.112,0.374,0.626,0.252,0.267,0.108,0.378,0.859,0.877
2016-06-01,>=1000,2016-06-01,2017-06-01,61,61,0,34,20,3,5,0.557,236.1,0.328,330.6,238041,257534,23208,19778,3430,42701,42701,0,257534,53.993,55.409,6.612,5.992,0.621,8.028,8.028,0,55.409,0.097,0.903,0.179,0.014,0.083,0.122,0.878,0.149,0.011,0.111,0.082,1.082,1.026
2016-06-01,<1000,2016-06-01,2017-06-01,267,266,1,115,120,38,47,0.432,66.6,0.451,53.8,81604,82044,18365,8796,9569,18805,18805,0,82044,32.106,33.349,6.462,3.316,3.146,7.705,7.663,0.042,33.308,0.225,0.775,0.23,0.117,0.108,0.201,0.799,0.239,0.098,0.103,0.176,1.005,1.037
2016-06-01,<100,2016-06-01,2017-06-01,658,651,0,156,359,238,192,0.24,13.6,0.551,8.7,18994,16369,7648,2159,5489,5023,5023,0,16369,8.218,7.222,3.117,0.892,2.225,2.121,2.121,0,7.222,0.403,0.597,0.264,0.289,0.114,0.379,0.621,0.258,0.271,0.109,0.382,0.862,0.879
2016-07-01,>=1000,2016-07-01,2017-07-01,62,62,0,34,21,3,5,0.548,242.4,0.339,318.5,239207,257996,24557,21127,3430,43346,43346,0,257996,54.49,56.043,6.689,6.069,0.621,8.242,8.242,0,56.043,0.103,0.897,0.181,0.014,0.088,0.123,0.877,0.151,0.011,0.111,0.081,1.079,1.028
2016-07-01,<1000,2016-07-01,2017-07-01,269,269,0,114,123,39,49,0.424,70.4,0.457,54.6,81251,82047,19687,8879,10808,20483,20483,0,82047,32.057,33.366,6.712,3.399,3.314,8.022,8.022,0,33.366,0.242,0.758,0.252,0.133,0.109,0.209,0.791,0.25,0.103,0.106,0.182,1.01,1.041
2016-07-01,<100,2016-07-01,2017-07-01,644,637,0,153,351,235,184,0.24,11.2,0.551,8.4,18522,14697,7332,1827,5505,3507,3507,0,14697,8.005,6.762,2.957,0.739,2.217,1.714,1.714,0,6.762,0.396,0.604,0.189,0.297,0.099,0.369,0.631,0.214,0.277,0.092,0.376,0.793,0.845
2016-08-01,>=1000,2016-08-01,2017-08-01,64,64,0,35,22,3,5,0.547,234.5,0.344,318,242521,260772,25379,21949,3430,43630,43630,0,260772,55.7,56.913,6.995,6.375,0.621,8.208,8.208,0,56.913,0.105,0.895,0.18,0.014,0.091,0.126,0.874,0.147,0.011,0.114,0.078,1.075,1.022
2016-08-01,<1000,2016-08-01,2017-08-01,268,268,0,112,127,41,50,0.418,63.6,0.474,52.9,8e4,78578,19677,8239,11438,18255,18255,0,78578,31.707,32.113,6.72,3.185,3.535,7.126,7.126,0,32.113,0.246,0.754,0.228,0.143,0.103,0.212,0.788,0.225,0.111,0.1,0.187,0.982,1.013
2016-08-01,<100,2016-08-01,2017-08-01,634,624,0,145,350,239,186,0.232,10.8,0.561,8.3,18104,13881,7394,1748,5646,3171,3171,0,13881,7.789,6.462,2.891,0.679,2.212,1.564,1.564,0,6.462,0.408,0.592,0.175,0.312,0.097,0.371,0.629,0.201,0.284,0.087,0.39,0.767,0.83
2016-09-01,>=1000,2016-09-01,2017-09-01,65,65,0,34,24,4,6,0.523,229.2,0.369,311.8,250209,262878,28827,24297,4530,41496,41496,0,262878,57.373,57.682,7.483,6.81,0.673,7.792,7.792,0,57.682,0.115,0.885,0.166,0.018,0.097,0.13,0.87,0.136,0.012,0.119,0.092,1.051,1.005
2016-09-01,<1000,2016-09-01,2017-09-01,265,264,0,108,121,41,52,0.409,67.7,0.458,53.6,80273,80661,18725,7542,11183,19113,19113,0,80661,32.115,32.944,6.482,2.841,3.641,7.311,7.311,0,32.944,0.233,0.767,0.238,0.139,0.094,0.202,0.798,0.228,0.113,0.088,0.196,1.005,1.026
2016-09-01,<100,2016-09-01,2017-09-01,632,623,0,150,337,224,173,0.241,11.9,0.541,8.2,18331,15129,6821,1657,5164,3619,3619,0,15129,8.008,7.035,2.764,0.674,2.09,1.79,1.79,0,7.035,0.372,0.628,0.197,0.282,0.09,0.345,0.655,0.224,0.261,0.084,0.363,0.825,0.878
2016-10-01,>=1000,2016-10-01,2017-10-01,62,62,0,33,16,0,2,0.532,254.3,0.258,385.5,240843,263996,20683,20683,0,43836,43836,0,263996,56,58.225,6.168,6.168,0,8.393,8.393,0,58.225,0.086,0.914,0.182,0,0.086,0.11,0.89,0.15,0,0.11,0.032,1.096,1.04
2016-10-01,<1000,2016-10-01,2017-10-01,235,235,0,93,102,28,35,0.396,79.9,0.434,48.4,72183,77263,14284,7803,6481,19364,19364,0,77263,28.875,31.365,4.939,2.801,2.139,7.43,7.43,0,31.365,0.198,0.802,0.268,0.09,0.108,0.171,0.829,0.257,0.074,0.097,0.149,1.07,1.086
2016-10-01,<100,2016-10-01,2017-10-01,580,578,0,139,309,207,143,0.24,13.8,0.535,8.8,16179,14584,5514,1731,3783,3919,3919,0,14584,7.724,6.94,2.708,0.781,1.928,1.924,1.924,0,6.94,0.341,0.659,0.242,0.234,0.107,0.351,0.649,0.249,0.25,0.101,0.336,0.901,0.898
2016-11-01,>=1000,2016-11-01,2017-11-01,63,63,0,32,19,1,3,0.508,247.3,0.302,410.6,244370,260779,26124,22124,4e3,42533,42533,0,260779,57.114,57.226,7.802,6.659,1.143,7.914,7.914,0,57.226,0.107,0.893,0.174,0.016,0.091,0.137,0.863,0.139,0.02,0.117,0.048,1.067,1.002
2016-11-01,<1000,2016-11-01,2017-11-01,253,253,0,97,116,32,40,0.383,75.2,0.458,47.9,77152,80721,15630,8483,7147,19199,19199,0,80721,31.144,32.876,5.562,3.139,2.423,7.294,7.294,0,32.876,0.203,0.797,0.249,0.093,0.11,0.179,0.821,0.234,0.078,0.101,0.158,1.046,1.056
2016-11-01,<100,2016-11-01,2017-11-01,604,602,0,136,332,222,155,0.226,12.6,0.551,8.7,16894,14412,5953,1843,4110,3471,3471,0,14412,8.054,6.861,2.9,0.812,2.088,1.708,1.708,0,6.861,0.352,0.648,0.205,0.243,0.109,0.36,0.64,0.212,0.259,0.101,0.35,0.853,0.852
2016-12-01,>=1000,2016-12-01,2017-12-01,63,63,0,27,21,0,1,0.429,273.1,0.333,379.4,263991,270214,28281,28281,0,34504,34504,0,270214,60.664,60.07,7.967,7.967,0,7.373,7.373,0,60.07,0.107,0.893,0.131,0,0.107,0.131,0.869,0.122,0,0.131,0.016,1.024,0.99
2016-12-01,<1000,2016-12-01,2017-12-01,258,258,0,106,110,32,39,0.411,68.5,0.426,47.2,78034,84246,15257,7900,7357,21469,21469,0,84246,31.536,33.598,5.194,2.705,2.489,7.256,7.256,0,33.598,0.196,0.804,0.275,0.094,0.101,0.165,0.835,0.23,0.079,0.086,0.151,1.08,1.065
2016-12-01,<100,2016-12-01,2017-12-01,599,597,0,129,328,220,150,0.216,11.4,0.549,8.8,16827,13995,5942,1884,4058,3110,3110,0,13995,8.026,6.608,2.888,0.835,2.052,1.469,1.469,0,6.608,0.353,0.647,0.185,0.241,0.112,0.36,0.64,0.183,0.256,0.104,0.343,0.832,0.823
2017-01-01,>=1000,2017-01-01,2018-01-01,61,61,0,26,19,1,1,0.426,294.5,0.311,354.2,263552,268560,21208,19408,1800,26216,26216,0,268560,58.353,59.279,6.731,6.174,0.557,7.656,7.656,0,59.279,0.08,0.92,0.099,0.007,0.074,0.115,0.885,0.131,0.01,0.106,0.016,1.019,1.016
2017-01-01,<1000,2017-01-01,2018-01-01,249,249,0,102,103,30,36,0.41,72,0.414,47.7,74819,82175,13895,7376,6519,21251,21251,0,82175,30.34,32.775,4.911,2.653,2.259,7.346,7.346,0,32.775,0.186,0.814,0.284,0.087,0.099,0.162,0.838,0.242,0.074,0.087,0.145,1.098,1.08
2017-01-01,<100,2017-01-01,2018-01-01,584,582,0,137,312,217,141,0.235,16.2,0.536,8.2,15977,17498,5311,1592,3719,6832,6832,0,17498,7.605,7.268,2.556,0.698,1.858,2.219,2.219,0,7.268,0.332,0.668,0.428,0.233,0.1,0.336,0.664,0.292,0.244,0.092,0.336,1.095,0.956
2017-02-01,>=1000,2017-02-01,2018-02-01,60,60,0,26,17,0,0,0.433,311.7,0.283,345.8,259006,268558,18594,18594,0,28146,28146,0,268558,56.592,58.817,5.878,5.878,0,8.104,8.104,0,58.817,0.072,0.928,0.109,0,0.072,0.104,0.896,0.143,0,0.104,0,1.037,1.039
2017-02-01,<1000,2017-02-01,2018-02-01,245,245,0,101,100,30,36,0.412,76.9,0.408,51.7,73965,81440,14509,7541,6968,21984,21984,0,81440,30.079,32.679,5.167,2.81,2.357,7.767,7.767,0,32.679,0.196,0.804,0.297,0.094,0.102,0.172,0.828,0.258,0.078,0.093,0.147,1.101,1.086
2017-02-01,<100,2017-02-01,2018-02-01,559,558,0,128,307,213,136,0.229,15.9,0.55,8,15602,17015,5245,1594,3651,6658,6658,0,17015,7.368,6.946,2.452,0.706,1.745,2.03,2.03,0,6.946,0.336,0.664,0.427,0.234,0.102,0.333,0.667,0.275,0.237,0.096,0.333,1.091,0.943
2017-03-01,>=1000,2017-03-01,2018-03-01,69,69,0,27,21,0,0,0.391,328.4,0.304,339.5,280784,293933,21633,21633,0,34782,34782,0,293933,64.676,66.415,7.129,7.129,0,8.867,8.867,0,66.415,0.077,0.923,0.124,0,0.077,0.11,0.89,0.137,0,0.11,0,1.047,1.027
2017-03-01,<1000,2017-03-01,2018-03-01,247,247,0,90,107,30,39,0.364,87.6,0.433,57.7,73288,84782,16619,9333,7286,28113,28113,0,84782,29.761,31.471,6.173,3.647,2.525,7.883,7.883,0,31.471,0.227,0.773,0.384,0.099,0.127,0.207,0.793,0.265,0.085,0.123,0.158,1.157,1.057
2017-03-01,<100,2017-03-01,2018-03-01,560,559,0,131,302,205,131,0.234,13.2,0.54,7.6,15697,14648,5056,1580,3476,4007,4007,0,14648,7.419,6.868,2.286,0.697,1.589,1.735,1.735,0,6.868,0.322,0.678,0.255,0.221,0.101,0.308,0.692,0.234,0.214,0.094,0.318,0.933,0.926
2017-04-01,>=1000,2017-04-01,2018-04-01,70,70,0,27,21,0,0,0.386,319.3,0.3,328,283317,297018,21118,21118,0,34819,34819,0,297018,65.517,67.249,6.888,6.888,0,8.62,8.62,0,67.249,0.075,0.925,0.123,0,0.075,0.105,0.895,0.132,0,0.105,0,1.048,1.026
2017-04-01,<1000,2017-04-01,2018-04-01,245,245,0,85,113,30,39,0.347,79.2,0.461,55.6,72987,80578,17015,9274,7741,24606,24606,0,80578,29.65,30.098,6.281,3.663,2.618,6.729,6.729,0,30.098,0.233,0.767,0.337,0.106,0.127,0.212,0.788,0.227,0.088,0.124,0.159,1.104,1.015
2017-04-01,<100,2017-04-01,2018-04-01,532,532,0,117,292,198,114,0.22,13.9,0.549,7,14813,14284,4402,1299,3103,3873,3873,0,14284,7.065,6.65,2.046,0.563,1.483,1.631,1.631,0,6.65,0.297,0.703,0.261,0.209,0.088,0.29,0.71,0.231,0.21,0.08,0.297,0.964,0.941
2017-05-01,>=1000,2017-05-01,2018-05-01,69,69,0,28,21,2,2,0.406,315.9,0.304,277.3,275835,285121,27494,13994,13500,36780,36780,0,285121,63.266,66.288,5.823,4.807,1.016,8.846,8.846,0,66.288,0.1,0.9,0.133,0.049,0.051,0.092,0.908,0.14,0.016,0.076,0.029,1.034,1.048
2017-05-01,<1000,2017-05-01,2018-05-01,241,241,0,87,107,27,36,0.361,79.6,0.444,54.3,70847,80706,15216,8832,6384,25075,25075,0,80706,29.046,30.156,5.812,3.568,2.244,6.922,6.922,0,30.156,0.215,0.785,0.354,0.09,0.125,0.2,0.8,0.238,0.077,0.123,0.149,1.139,1.038
2017-05-01,<100,2017-05-01,2018-05-01,516,516,0,105,288,192,110,0.203,13.7,0.558,7.1,14416,13414,4369,1438,2931,3367,3367,0,13414,6.901,6.311,2.031,0.608,1.423,1.44,1.44,0,6.311,0.303,0.697,0.234,0.203,0.1,0.294,0.706,0.209,0.206,0.088,0.296,0.93,0.914
2017-06-01,>=1000,2017-06-01,2018-06-01,71,71,0,28,23,0,0,0.394,292.5,0.324,209.5,283351,304316,13262,13262,0,34227,34227,0,304316,65.644,69.017,4.818,4.818,0,8.191,8.191,0,69.017,0.047,0.953,0.121,0,0.047,0.073,0.927,0.125,0,0.073,0,1.074,1.051
2017-06-01,<1000,2017-06-01,2018-06-01,238,238,0,88,106,25,32,0.37,73.6,0.445,57.6,70764,78584,16039,9785,6254,23859,23859,0,78584,29.007,29.376,6.11,3.97,2.141,6.48,6.48,0,29.376,0.227,0.773,0.337,0.088,0.138,0.211,0.789,0.223,0.074,0.137,0.134,1.111,1.013
2017-06-01,<100,2017-06-01,2018-06-01,507,507,0,98,281,183,99,0.193,14.5,0.554,7,14261,15308,4170,1435,2735,5217,5117,100,15208,6.786,6.231,1.98,0.615,1.365,1.424,1.424,0,6.231,0.292,0.708,0.359,0.192,0.101,0.292,0.708,0.21,0.201,0.091,0.269,1.066,0.918
2017-07-01,>=1000,2017-07-01,2018-07-01,73,73,0,29,23,0,0,0.397,285.4,0.315,218.7,285161,306860,12895,12895,0,34594,34594,0,306860,66.657,69.904,5.029,5.029,0,8.276,8.276,0,69.904,0.045,0.955,0.121,0,0.045,0.075,0.925,0.124,0,0.075,0,1.076,1.049
2017-07-01,<1000,2017-07-01,2018-07-01,233,233,0,82,103,28,34,0.352,66.8,0.442,61.2,68651,74207,15684,9090,6594,21240,21240,0,74207,28.501,27.674,6.308,3.855,2.452,5.481,5.481,0,27.674,0.228,0.772,0.309,0.096,0.132,0.221,0.779,0.192,0.086,0.135,0.146,1.081,0.971
2017-07-01,<100,2017-07-01,2018-07-01,499,499,0,101,285,183,108,0.202,14.5,0.571,7.4,14413,15071,4624,1468,3156,5282,5182,100,14971,6.825,6.191,2.103,0.635,1.468,1.469,1.469,0,6.191,0.321,0.679,0.36,0.219,0.102,0.308,0.692,0.215,0.215,0.093,0.293,1.039,0.907
2017-08-01,>=1000,2017-08-01,2018-08-01,73,73,0,30,24,0,0,0.411,291.3,0.329,219.3,285040,301611,19511,19511,0,36082,36082,0,301611,66.465,69.939,5.263,5.263,0,8.738,8.738,0,69.939,0.068,0.932,0.127,0,0.068,0.079,0.921,0.131,0,0.079,0,1.058,1.052
2017-08-01,<1000,2017-08-01,2018-08-01,230,230,0,83,102,28,34,0.361,65.8,0.443,62.7,67292,73244,15425,8983,6442,21377,21377,0,73244,28.174,27.24,6.398,3.801,2.597,5.463,5.463,0,27.24,0.229,0.771,0.318,0.096,0.133,0.227,0.773,0.194,0.092,0.135,0.148,1.088,0.967
2017-08-01,<100,2017-08-01,2018-08-01,481,481,0,95,275,172,100,0.198,14.7,0.572,7.4,13791,14480,4486,1360,3126,5175,5075,100,14380,6.569,5.927,2.042,0.587,1.454,1.399,1.399,0,5.927,0.325,0.675,0.368,0.227,0.099,0.311,0.689,0.213,0.221,0.089,0.282,1.043,0.902
2017-09-01,>=1000,2017-09-01,2018-09-01,74,74,0,27,27,1,1,0.365,299.5,0.365,215.2,289494,307564,20952,19701,1251,39022,39022,0,307564,68.137,70.412,5.81,5.368,0.442,8.085,8.085,0,70.412,0.072,0.928,0.135,0.004,0.068,0.085,0.915,0.119,0.006,0.079,0.014,1.062,1.033
2017-09-01,<1000,2017-09-01,2018-09-01,228,228,0,82,101,28,34,0.36,62.7,0.443,63.3,67032,72668,15087,8615,6472,20723,20723,0,72668,28.187,26.936,6.389,3.714,2.675,5.138,5.138,0,26.936,0.225,0.775,0.309,0.097,0.129,0.227,0.773,0.182,0.095,0.132,0.149,1.084,0.956
2017-09-01,<100,2017-09-01,2018-09-01,485,483,0,100,274,176,104,0.207,12.3,0.567,7.9,14117,13803,4864,1444,3420,4550,4450,100,13703,6.634,5.691,2.173,0.62,1.553,1.23,1.23,0,5.691,0.345,0.655,0.315,0.242,0.102,0.328,0.672,0.185,0.234,0.093,0.289,0.971,0.858
2017-10-01,>=1000,2017-10-01,2018-10-01,73,73,0,26,30,1,1,0.356,278.4,0.411,225.9,289505,299560,24391,19691,4700,34446,34446,0,299560,67.832,68.294,6.776,5.724,1.052,7.238,7.238,0,68.294,0.084,0.916,0.119,0.016,0.068,0.1,0.9,0.107,0.016,0.084,0.014,1.035,1.007
2017-10-01,<1000,2017-10-01,2018-10-01,227,227,0,77,104,29,35,0.339,63.2,0.458,64.5,68295,72398,15901,8715,7186,20004,20004,0,72398,28.691,26.85,6.709,3.796,2.912,4.868,4.868,0,26.85,0.233,0.767,0.293,0.105,0.128,0.234,0.766,0.17,0.102,0.132,0.154,1.06,0.936
2017-10-01,<100,2017-10-01,2018-10-01,467,464,0,85,268,176,111,0.183,11.7,0.578,8.6,13869,12640,5269,1360,3909,4040,3940,100,12540,6.507,5.188,2.309,0.587,1.723,0.991,0.991,0,5.188,0.38,0.62,0.284,0.282,0.098,0.355,0.645,0.152,0.265,0.09,0.316,0.904,0.797
