odbid,start_date,max_seats,max_arr
-1000002,2018-09-01,1,46671
-1000001,2018-07-01,10,2916
-1000000,2018-06-01,0,0
-1001,2018-03-01,750,122997
-448,2016-09-01,350,126147
-442,2016-06-01,400,174867
-434,2016-03-01,70,14067.5
-433,2016-03-01,38,14906
-422,2015-08-01,10,6480
-421,2015-07-01,34,21757
-418,2015-08-01,35,21820
-414,2015-06-01,85,44608
-407,2015-03-01,450,138892
-405,2015-04-01,125,57845
-400,2014-10-01,5,3240
-303,2012-02-01,160,26984.38
-294,2014-07-01,25,5e3
-281,2014-02-01,50,24723
-276,2014-01-01,40,23418
-274,2013-10-01,10,6700
-273,2013-12-01,50,27912.5
-267,2013-06-01,25,15480
-266,2013-06-01,50,20562.5
-263,2013-05-01,53,9698
-246,2012-12-01,20,12960
-245,2013-01-01,100,56577.5
-244,2012-12-01,560,116555
-243,2012-12-01,55,30915
-241,2013-01-01,2e3,507626
-240,2012-11-01,25,15480
-239,2013-02-01,35,19260
-235,2012-07-01,150,21639.99
-230,2012-08-01,25,14190
-229,2012-05-01,50,27912.5
-227,2012-05-01,245,37374
-223,2012-08-01,925,113059
-222,2012-04-01,12e3,482600.03
-218,2012-01-01,102,53314.1
-215,2012-01-01,75,11488.13
-213,2011-12-01,198,30846.27
-211,2011-12-01,286,90520
-210,2011-12-01,35,4657.56
-206,2011-10-01,240,33525
-205,2011-10-01,50,7263
-199,2011-09-01,40,16817.25
-198,2011-09-01,25,15480
-195,2011-12-01,900,57780
-179,2011-07-01,550,61125
-176,2011-06-01,368,44443
-173,2011-04-01,300,152440
-170,2011-03-01,30,3644.98
-162,2010-12-01,50,8134.36
-151,2010-07-01,400,178275
-149,2010-07-01,500,38924.95
-141,2010-03-01,220,29588.73
-139,2010-02-01,25,10500
-134,2009-12-01,425,194937.5
-133,2009-12-01,25,9187.5
-131,2009-12-01,2975,199100.04
-127,2009-08-01,50,18375
-123,2009-03-01,125,43312.5
-122,2009-05-01,100,49612.5
-119,2009-01-01,189,17310.51
-106,2008-03-01,230,101115
-104,2007-12-01,50,19305
-102,2007-04-01,75,48262.5
202,2004-07-01,36,14987.14
207,2004-09-01,5,1494.99
210,2004-10-01,41,28782
222,2005-07-01,10,7800
226,2004-08-01,49,25210.5
232,2004-09-01,12,6954.99
234,2005-09-01,30,18606.63
236,2004-10-01,12,9360
238,2004-11-01,15,11700.05
240,2005-01-01,32,20468.33
242,2005-01-01,20,13806
243,2004-12-01,12,9360
248,2005-01-01,236,106310.4
251,2005-01-01,13,10140
257,2005-05-01,30,21060
259,2005-02-01,21,16380
261,2005-02-01,5,3500
263,2005-03-01,9,6620
264,2005-03-01,2,1560
268,2005-03-01,5,3500
270,2005-03-01,105,50935.5
272,2005-03-01,19,13790
273,2005-04-01,50,27378
275,2005-04-01,20,15200
290,2005-06-01,18,9828
291,2005-08-01,18,12986.11
292,2005-06-01,14,10920
293,2005-06-01,10,7400
297,2005-05-01,46,31395
299,2005-06-01,9,6620
300,2005-08-01,40,19980
301,2005-06-01,5,3900
302,2005-06-01,11,8179.98
303,2005-06-01,1,780
304,2005-06-01,135,89505.14
306,2005-06-01,20,13040
312,2005-06-01,10,7399.99
323,2005-07-01,10,7800
325,2005-12-01,25,18525
326,2005-10-01,5,3900
328,2005-07-01,5,3500
329,2005-09-01,5,3900
330,2005-07-01,6,4680
339,2005-08-01,10,7010.68
340,2005-08-01,35,24686.11
342,2005-08-01,5,3500
345,2005-09-01,16,10320
347,2005-09-01,39,16380
348,2005-09-01,30,21049.98
349,2005-09-01,5,3500
350,2005-09-01,9,6318
351,2005-09-01,575,136742.56
353,2005-09-01,5,3500
358,2005-10-01,5,3900
360,2005-09-01,25,17539.989999999998
363,2005-10-01,30,20266
364,2005-10-01,5,3500
365,2005-10-01,25,16170
366,2005-10-01,10,6999.99
367,2005-11-01,11,7710
368,2005-11-01,25,17499.98
371,2005-11-01,30,21000.02
372,2005-12-01,230,143715.02
374,2005-11-01,2,1560
375,2005-11-01,22,15399.98
376,2005-11-01,8,5604
377,2005-11-01,22,16000.04
378,2005-11-01,1,700
379,2005-11-01,19,10892.7
381,2005-12-01,75,43310.7
383,2005-12-01,25,17529.989999999998
385,2005-12-01,20,13999.99
386,2005-12-01,56,31695.3
391,2005-12-01,30,19422
392,2005-12-01,2,1400
393,2005-12-01,30,20999.98
394,2005-12-01,16,11199.99
395,2005-12-01,39,26657.989999999998
396,2005-12-01,1,420
398,2006-01-01,2,1560
405,2006-01-01,21,11340
406,2006-01-01,1,780
408,2006-01-01,5,3500
412,2006-02-01,5,1990
413,2006-02-01,5,1990
414,2006-02-01,10,6825
415,2006-02-01,25,17062.5
417,2006-02-01,13,9099.99
418,2006-02-01,15,10500
419,2006-02-01,20,13650.01
420,2006-03-01,17,11602.5
424,2006-03-01,14,9799.99
428,2006-03-01,5,3500
429,2006-03-01,12,8197.92
432,2006-03-01,10,5460
435,2006-03-01,19,11856
436,2006-03-01,9,6300
437,2006-03-01,12,8399.99
443,2006-04-01,30,20999.98
444,2006-04-01,5,1990
446,2006-05-01,0,0
448,2006-04-01,265,125549
450,2006-04-01,7,4900
453,2006-04-01,10,6999.99
454,2006-04-01,60,41999.96
455,2006-04-01,14,9799.99
456,2006-05-01,2,1400
458,2006-05-01,60,38609.84
460,2006-05-01,17,10499.99
462,2006-05-01,0,0
463,2006-05-01,10,7e3
465,2006-05-01,40,27219.97
466,2006-05-01,4,2960
467,2006-05-01,22,9009
468,2006-05-01,6,4280
469,2006-08-01,50,34824.98
471,2006-05-01,26,20440
472,2006-05-01,28,19600.08
473,2006-05-01,39,17596.8
474,2006-05-01,60,22050
475,2006-06-01,1,780
476,2006-06-01,12,8399.99
477,2006-06-01,2,1400
478,2006-06-01,14,5733
480,2006-06-01,1,780
481,2006-06-01,2,748.8
483,2006-06-01,20,8880
484,2006-06-01,30,20999.98
485,2006-06-01,5,2340
486,2006-06-01,20,14030
487,2006-06-01,30,15435.01
488,2006-06-01,62,43290
489,2006-06-01,50,34024.96
495,2006-08-01,30,20475
496,2006-09-01,110,62755.82
501,2006-07-01,20,8400
502,2006-07-01,25,10530
503,2006-07-01,2,1128
504,2006-07-01,4,1804.8
505,2006-07-01,10,6999.99
508,2006-08-01,7,2948.4
511,2006-08-01,32,19534.51
513,2006-08-01,15,10530
514,2006-08-01,2,648
516,2006-08-01,9,5940
518,2006-08-01,17,8716.2
519,2006-08-01,15,10499.99
521,2006-08-01,4,1296
522,2006-08-01,40,16672.5
523,2006-08-01,13,9126
526,2006-08-01,3,1068
527,2006-08-01,9,2187
531,2006-08-01,25,9652.5
534,2006-09-01,50,35216.4
536,2006-09-01,49,25270.5
537,2006-09-01,32,14695.2
538,2006-09-01,1,468
539,2006-09-01,10,4200
540,2006-09-01,1,468
542,2006-09-01,40,23940
543,2006-09-01,30,17439.989999999998
545,2006-09-01,1,324
547,2006-09-01,2,1188
549,2006-09-01,3,684
551,2006-09-01,10,4212
553,2006-09-01,1,324
554,2006-09-01,20,13999.99
556,2006-09-01,20,10152
558,2006-09-01,10,7020
559,2006-09-01,6,1368
560,2006-10-01,1,420
561,2007-01-01,170,72666
562,2006-10-01,21,12540
564,2006-10-01,4,2256
568,2006-10-01,45,23274
569,2006-10-01,1,324
570,2006-10-01,3,1692
571,2006-10-01,3,1260
573,2006-10-01,2,456
574,2006-10-01,53,31164
575,2006-10-01,7,2940
577,2006-10-01,7,4620
579,2006-10-01,2,1560
583,2006-10-01,10,7800
584,2006-10-01,6,2448
585,2006-12-01,14,5896.799999999999
589,2006-10-01,10,4212
590,2006-11-01,4,2640
593,2006-11-01,4,912
597,2006-12-01,100,62790
599,2006-11-01,40,24624
606,2006-11-01,20,8424
615,2006-11-01,12,5616
616,2006-11-01,0,0
618,2006-11-01,32,17325
619,2006-11-01,15,3078
620,2006-11-01,6,2520
622,2006-11-01,4,2559.6
626,2006-12-01,33,15592.5
630,2006-11-01,30,21060
636,2006-11-01,1,588
637,2006-12-01,7,4158
638,2007-01-01,47,24181.5
640,2006-12-01,25,17550
642,2006-10-01,40,20139
644,2006-12-01,25,13446
646,2006-12-01,1,660
650,2006-12-01,3,684
655,2006-12-01,3,972
660,2006-12-01,16,9240
661,2006-12-01,65,22696.8
662,2007-02-01,219,96579
663,2007-01-01,1,420
664,2006-12-01,27,18954
667,2007-01-01,4,912
677,2007-01-01,15,3420
685,2007-01-01,30,12690
690,2007-01-01,5,1890
695,2007-04-01,89,44482
705,2007-01-01,11,2257.2
715,2007-02-01,36,17703
717,2007-02-01,1,228
720,2007-02-01,10,5880
730,2007-02-01,5,2430
735,2007-02-01,2,1404
746,2007-02-01,5,1566
747,2007-02-01,1,228
770,2007-03-01,75,40936.5
771,2007-03-01,22,15015
772,2007-03-01,25,14700
774,2007-03-01,56,22095
777,2007-03-01,23,9687.6
779,2007-05-01,35,17010
782,2007-03-01,5,2175
787,2007-03-01,20,14040
788,2007-03-01,1,228
792,2007-03-01,10,5226
793,2007-03-01,2,840
796,2007-04-01,6,2610
799,2007-04-01,5,1620
801,2007-04-01,16,6720
807,2007-03-01,20,11550
808,2007-03-01,40,22537.14
809,2007-04-01,30,12285
812,2007-04-01,32,14910
813,2007-03-01,4,1944
814,2007-03-01,4,1872
822,2007-03-01,10,3360
827,2007-05-01,10,2280
832,2007-04-01,23,8694
833,2007-04-01,23,15732
837,2007-05-01,12,3888
838,2007-04-01,12,5568
839,2007-04-01,44,20857.5
847,2007-05-01,98,35301
848,2007-05-01,15,9024.779999999999
849,2007-04-01,40,15120
850,2007-04-01,18,10152
859,2007-05-01,2,1231.2
863,2007-05-01,17,3488.4
864,2007-05-01,51,19582.5
872,2007-05-01,1,324
873,2007-05-01,8,3369.6
877,2007-05-01,7,4914
887,2007-05-01,1,540
892,2007-05-01,27,13122
897,2007-05-01,45,31590
902,2007-05-01,135,45360
903,2007-05-01,212,75417.07
904,2007-05-01,25,13680
907,2007-06-01,10,4680
912,2007-06-01,5,1215
922,2007-06-01,12,5616
923,2007-06-01,13,5460
928,2007-06-01,34,23712.010000000002
932,2007-06-01,5,1620
933,2007-06-01,3,684
937,2007-06-01,19,13338
938,2007-06-01,95,45391.5
947,2007-06-01,8,3888
948,2007-06-01,0,0
958,2007-06-01,35,20085
961,2007-06-01,35,13081.5
962,2007-06-01,36,16800
963,2007-06-01,1147,195647
967,2007-07-01,670,276371
972,2007-07-01,2,583.2
977,2007-07-01,6,1368
982,2007-07-01,9,5238
983,2007-07-01,28,10584
988,2007-07-01,33,16038
992,2007-07-01,15,9900
1007,2007-07-01,4,1166.4
1012,2007-08-01,20,15e3
1013,2007-08-01,5,2430
1014,2007-07-01,35,17010
1028,2007-07-01,100,34650
1032,2007-08-01,40,12600
1037,2007-08-01,37,21978
1042,2007-08-01,8,3744
1047,2007-08-01,15,7614
1057,2007-08-01,490,122640
1062,2007-08-01,25,10237.5
1067,2007-08-01,16,6090
1072,2007-08-01,2,840
1077,2007-08-01,36,14904
1079,2007-07-01,27,13543.199999999999
1080,2007-08-01,85,42483
1082,2007-09-01,8,5616
1087,2007-08-01,30,12285
1102,2007-09-01,19,6732
1107,2007-09-01,45,22822.5
1124,2007-09-01,14,9828
1126,2007-09-01,30,15900
1127,2007-09-01,240,110428
1132,2007-09-01,150,70560
1133,2007-09-01,25,15253.130000000001
1135,2007-09-01,12,5670
1136,2007-09-01,20,8400
1137,2007-09-01,25,13779
1138,2007-09-01,16,8310
1157,2007-09-01,5,2775
1172,2007-10-01,35,21172.5
1178,2007-10-01,5,2175
1192,2007-10-01,14,8670
1197,2007-10-01,27,10386
1198,2007-10-01,100,38683.28
1202,2007-10-01,3,1404
1203,2007-10-01,38,19008
1204,2008-12-01,7,2940
1207,2007-10-01,27,16704
1213,2007-10-01,15,7650
1217,2007-10-01,20,9510
1222,2007-10-01,13,5082
1227,2007-11-01,10,7020
1232,2007-10-01,110,47520
1247,2007-11-01,10,5550
1252,2007-11-01,25,8280
1257,2007-11-01,75,27877.5
1258,2007-11-01,15,9081.43
1264,2007-11-01,23,13330.5
1273,2007-11-01,275,142687.5
1278,2007-11-01,35,10980
1279,2007-11-01,15,3078
1280,2007-11-01,13,7644
1283,2007-11-01,18,7830
1288,2007-11-01,10,2430
1293,2007-11-01,100,45570
1303,2007-11-01,46,16240.5
1308,2011-09-01,25,2500
1319,2007-12-01,4,1149
1323,2007-12-01,7,2520
1328,2007-11-01,150,57915
1338,2007-12-01,10,6600
1339,2007-12-01,3,1665
1343,2007-12-01,190,84584
1348,2007-12-01,38,19938
1358,2007-12-01,100,62400
1364,2007-12-01,14,5880
1373,2007-12-01,10,4275
1378,2007-12-01,215,100516
1383,2007-12-01,85,42483
1388,2007-12-01,300,9e4
1393,2007-12-01,14,5790
1398,2008-01-01,75,25987.51
1399,2007-12-01,500,209475
1400,2007-12-01,60,22050
1401,2007-12-01,10,2430
1403,2007-12-01,16,6630
1404,2007-12-01,50,21172.5
1408,2007-12-01,65,28911
1409,2008-01-01,11,3690
1413,2008-01-01,125,46042.51
1418,2008-01-01,12,2664
1420,2007-12-01,25,8790
1438,2008-01-01,7,1365
1444,2008-01-01,60,22050
1445,2008-01-01,4,780
1453,2008-01-01,3,585
1468,2008-01-01,10,2100
1469,2008-01-01,15,6300
1473,2008-01-01,6,1170
1474,2008-01-01,14,3630
1475,2008-01-01,85,35617.5
1476,2008-01-01,625,123375.06
1478,2008-01-01,20,8550
1479,2008-01-01,25,12600
1483,2008-01-01,100,36477
1484,2008-01-01,8,4704
1485,2008-01-01,4,1680
1486,2008-01-01,15,4050
1498,2008-02-01,20,8400
1503,2008-01-01,150,54768
1508,2008-02-01,10,2700
1513,2008-02-01,53,19477.5
1523,2008-02-01,10,2700
1524,2008-02-01,2,1080
1528,2008-02-01,35,13230
1534,2008-02-01,25,7950
1538,2008-02-01,125,55687.5
1543,2008-02-01,6,3240
1544,2008-02-01,9,4860
1548,2008-02-01,8,4320
1553,2008-02-01,30,11340
1554,2008-02-01,96,33264
1558,2008-02-01,69,28560
1563,2008-02-01,26,9450
1568,2008-02-01,11,3120
1573,2008-02-01,35,12915
1583,2008-02-01,10,4200
1584,2008-02-01,145,47220
1585,2008-02-01,80,29242.5
1588,2008-03-01,7,2940
1593,2008-03-01,7,2190
1598,2008-03-01,42,15960
1603,2008-03-01,45,17010
1604,2008-03-01,2,840
1605,2008-03-01,130,54660
1613,2008-03-01,42,15876
1618,2008-03-01,20,6900
1628,2008-03-01,10,4200
1633,2008-03-01,10,2700
1643,2008-03-01,150,72765
1649,2008-03-01,49,25284
1653,2008-03-01,32,12096
1654,2008-03-01,140,66834
1658,2008-03-01,22,12936
1663,2008-03-01,100,44550
1668,2008-03-01,37,17982
1678,2008-04-01,25,12960
1686,2008-03-01,60,22387.5
1693,2008-04-01,10,2700
1698,2008-04-01,2,1080
1703,2008-04-01,150,55440
1708,2008-01-01,60,22050
1713,2008-04-01,10,4200
1714,2008-04-01,13,7644
1718,2008-04-01,5,3300
1728,2008-04-01,8,4320
1736,2008-04-01,15,6300
1743,2008-04-01,30,12600
1753,2008-04-01,3,1260
1754,2008-04-01,5,1350
1755,2008-04-01,7,2940
1758,2008-04-01,75,35100
1768,2008-04-01,90,28976.2
1773,2008-05-01,29,10962
1778,2008-05-01,15,4800
1783,2008-05-01,13,3960
1788,2008-05-01,15,8100
1793,2008-05-01,50,18375
1798,2008-05-01,50,18375
1803,2008-05-01,14,5880
1804,2008-05-01,22,9240
1808,2008-05-01,255,119952
1818,2008-05-01,680,244608
1819,2008-05-01,53,27268.5
1822,2008-05-01,40,13620
1823,2008-05-01,3,810
1824,2008-05-01,5,1500
1825,2008-05-01,17,7680
1826,2008-05-01,36,17464
1827,2008-05-01,23,12420
1828,2008-05-01,23,12420
1834,2008-05-01,100,33600
1835,2008-06-01,75,27888
1838,2008-06-01,18,6060
1843,2008-06-01,16,8640
1848,2008-05-01,1,420
1853,2008-05-01,36,13608
1854,2008-06-01,35,17010
1864,2008-06-01,7,3780
1865,2008-06-01,10,2700
1866,2008-06-01,25,9450
1868,2008-06-01,50,15405.99
1873,2008-06-01,4,1560
1878,2008-06-01,25,10800
1884,2008-06-01,19,7980
1893,2008-06-01,25,4200
1894,2008-06-01,2,540
1898,2008-06-01,8,3360
1903,2008-06-01,42,16800
1908,2008-06-01,10,2700
1913,2008-06-01,7,3780
1914,2008-06-01,5,2100
1916,2008-06-01,7,2940
1917,2008-06-01,15,8100
1919,2008-06-01,50,23625
1921,2008-06-01,15,8100
1922,2008-06-01,7,2940
1923,2008-06-01,25,9450
1924,2008-06-01,40,18900
1928,2008-06-01,25,8370
1939,2008-06-01,17,7680
1940,2008-06-01,26,9828
1942,2008-06-01,100,36120
1949,2008-06-01,200,66990
1955,2008-06-01,150,38418.66
1958,2008-07-01,32,16470
1973,2008-07-01,50,17850
1978,2008-07-01,13,7020
1983,2008-07-01,10,4200
1988,2008-07-01,80,29295
1994,2008-07-01,25,6720
1998,2008-07-01,16,8640
1999,2008-07-01,4,2160
2008,2008-07-01,57,29267.7
2011,2008-07-01,350,171750
2013,2008-07-01,44,23284.800000000003
2018,2008-07-01,12,3414
2023,2008-07-01,10,3900
2024,2008-07-01,40,21168
2029,2008-07-01,30,15876
2033,2008-08-01,93,42940
2038,2008-08-01,123,57859.200000000004
2048,2008-08-01,6,2520
2053,2008-08-01,15,8100
2065,2008-08-01,18,10380
2066,2008-08-01,8,3360
2069,2008-08-01,115,55786.5
2071,2008-09-01,4,1860
2078,2008-08-01,7,2940
2083,2008-08-01,75,27352.5
2095,2008-08-01,17,5461.5
2096,2008-08-01,24,10080
2097,2008-08-01,15,6300
2098,2008-08-01,2,540
2100,2008-08-01,43,16254
2105,2008-08-01,11,4620
2110,2008-08-01,6,3240
2111,2008-08-01,16,8796
2112,2008-08-01,5,2700
2115,2008-08-01,26,14994
2116,2008-08-01,25,7950
2120,2008-08-01,50,19981.5
2121,2008-09-01,21,9840
2130,2008-09-01,84,30393
2135,2008-09-01,32,15552
2140,2008-09-01,20,8400
2145,2008-09-01,6,2070
2150,2008-09-01,20,9030
2160,2008-09-01,95,48877.5
2162,2008-09-01,35,16050
2166,2008-09-01,15,4642.5
2170,2008-09-01,15,6300
2175,2008-09-01,316,131138.7
2185,2008-09-01,1928,766282
2190,2008-09-01,7,2730
2191,2008-09-01,17,5640
2192,2008-09-01,94,62985
2205,2008-09-01,45,22441
2210,2008-09-01,25,17550
2215,2008-09-01,128,62092.8
2220,2008-09-01,5,1500
2221,2008-09-01,9,2430
2225,2008-09-01,45,10899.99
2230,2008-09-01,80,37867.5
2231,2008-09-01,200,86400
2235,2008-09-01,120,32340
2240,2008-09-01,20,6900
2245,2008-09-01,25,9450
2246,2008-09-01,120,43440
2249,2008-09-01,10,3900
2250,2008-09-01,200,87075
2251,2008-09-01,13,4199.99
2252,2008-09-01,68,24276
2255,2008-09-01,70,33075
2257,2008-09-01,45,15876
2258,2008-09-01,30,15876
2259,2008-09-01,18,7560
2265,2008-10-01,131,58360.5
2267,2008-09-01,15,6300
2270,2008-09-01,10,4200
2285,2008-10-01,25,12862.5
2287,2008-10-01,10,2700
2291,2008-10-01,9,3510
2295,2008-09-01,22,11880
2310,2008-10-01,19,6480
2311,2008-10-01,7,3685.5
2315,2008-10-01,15,6300
2326,2008-10-01,140,65856
2335,2008-10-01,60,19920
2340,2008-10-01,3,1260
2341,2008-10-01,10,2700
2353,2008-10-01,7,2940
2355,2008-10-01,2,780
2360,2008-10-01,5,2700
2365,2008-10-01,10,2700
2370,2008-10-01,25,9187.5
2371,2008-10-01,6,2520
2375,2008-10-01,15,4800
2380,2008-10-01,25,11340
2381,2008-10-01,25,12150
2382,2008-10-01,10,4095
2383,2008-10-01,35,20580
2386,2008-10-01,85,42997.5
2387,2008-10-01,25,8916
2395,2008-09-01,10,5400
2405,2008-11-01,6,1620
2406,2008-11-01,17,6961.5
2410,2008-10-01,17,7140
2411,2008-11-01,12,5040
2415,2008-11-01,3,1260
2420,2008-11-01,10,2700
2450,2008-11-01,30,15876
2455,2008-11-01,7,3780
2460,2008-11-01,70,36015
2466,2008-11-01,11,4620
2470,2008-11-01,60,33660
2475,2008-11-01,30,11025
2485,2008-11-01,15,8100
2486,2008-11-01,18,8220
2487,2008-12-01,65,31132.5
2490,2008-12-01,12,3540
2495,2008-12-01,27,8706
2500,2008-12-01,7,2940
2506,2008-12-01,45,17766
2510,2008-12-01,50,16875
2515,2008-12-01,13,5460
2516,2008-12-01,130,57315
2525,2008-12-01,10,4200
2530,2008-12-01,30,12180
2532,2008-12-01,15,6300
2545,2008-12-01,20,10740
2550,2008-12-01,51,26239.5
2560,2008-12-01,25,10650
2575,2008-12-01,13,5460
2576,2008-12-01,20,10800
2577,2008-12-01,18,6060
2590,2008-12-01,8,4320
2591,2008-12-01,15,7965
2596,2008-12-01,15,4642.5
2597,2014-11-01,90,44982
2598,2008-12-01,30,14175
2601,2008-12-01,1,660
2608,2008-12-01,20,7980
2609,2008-12-01,90,32130
2610,2008-12-01,94,45599.4
2611,2008-12-01,25,2500
2616,2008-12-01,50,25725
2617,2008-12-01,25,4725
2631,2008-12-01,230,111573
2632,2008-12-01,50,23100
2640,2009-01-01,25,13230
2645,2009-01-01,6,1620
2646,2008-12-01,29,9462
2647,2009-01-01,74,34965
2650,2008-12-01,50,18249
2655,2009-01-01,26,10342.5
2660,2009-01-01,21,9660
2666,2009-01-01,10,4200
2671,2009-01-01,3,1620
2673,2008-12-01,355,114502.5
2676,2009-01-01,20,8400
2683,2009-01-01,15,8100
2691,2009-01-01,300,138180
2692,2009-01-01,25,2499.99
2696,2008-12-01,30,11340
2701,2009-01-01,53,20385
2702,2009-01-01,5,2100
2706,2009-01-01,7,3780
2707,2009-01-01,100,37905
2721,2009-02-01,3,810
2726,2009-02-01,25,2499.99
2731,2009-02-01,25,2499.99
2736,2009-02-01,40,15120
2741,2009-02-01,15,6300
2746,2009-02-01,60,22050
2751,2009-02-01,38,14742
2756,2009-02-01,105,45427.5
2757,2009-02-01,149,67899.3
2758,2009-02-01,97,45717
2759,2009-02-01,36,13986
2761,2009-02-01,36,19051.2
2766,2009-02-01,16,6961.5
2771,2009-03-01,20,8400
2772,2009-02-01,34,12852
2776,2009-02-01,17,10996
2786,2009-03-01,25,9450
2791,2009-02-01,69,25819.5
2796,2009-03-01,33,15618
2801,2009-03-01,15,8100
2806,2009-03-01,75,36382.5
2807,2009-03-01,14,4380
2808,2009-03-01,17,6783
2812,2009-03-01,35,11362.5
2816,2009-03-01,5,1350
2817,2009-03-01,196,65856
2822,2009-03-01,100,48510
2823,2009-03-01,20,6690
2828,2009-03-01,30,15435
2831,2009-03-01,42,15435
2841,2009-03-01,15,4800
2846,2009-03-01,20,6900
2851,2009-03-01,14,6660
2856,2009-03-01,85,33600
2861,2009-03-01,15,8100
2869,2009-03-01,25,2499.99
2870,2009-03-01,36,13608
2871,2009-03-01,6,2520
2872,2009-04-01,9,3780
2881,2009-03-01,80,17904
2882,2009-03-01,30,12600
2883,2009-03-01,20,8400
2891,2009-03-01,225,97200
2896,2009-04-01,19,9747
2901,2009-04-01,18,7560
2906,2009-04-01,20,9961.05
2916,2009-04-01,10,3685.5
2917,2009-04-01,50,17850
2921,2009-04-01,9,4860
2926,2009-04-01,50,24165
2931,2009-04-01,12,4980
2936,2009-04-01,21,7320
2941,2009-04-01,10,3900
2942,2009-04-01,62,30076.2
2946,2009-04-01,525,156588.8
2951,2009-04-01,25,2500
2952,2009-04-01,30,9187.5
2956,2009-04-01,10,5400
2961,2009-04-01,89,32539.5
2966,2009-04-01,25,9450
2971,2009-04-01,14,7560
2976,2009-04-01,9,3780
2981,2009-04-01,12,5040
2982,2009-04-01,50,18900
2983,2009-04-01,750,174e3
2986,2009-04-01,25,7950
2991,2009-04-01,25,2499.99
2996,2009-04-01,20,10800
3004,2009-04-01,1150,431388
3020,2009-05-01,25,2500
3030,2009-05-01,2,540
3034,2009-05-01,175,77222
3049,2009-04-01,11,4504.5
3054,2009-05-01,20,8400
3055,2009-05-01,39,18642
3060,2009-05-01,20,8400
3064,2009-05-01,126,54495
3065,2009-05-01,75,37485
3066,2009-05-01,55,28297.5
3069,2009-05-01,25,2499.99
3070,2009-05-01,50,23625
3075,2009-05-01,17,9996
3079,2009-05-01,25,2500
3080,2009-05-01,435,146475
3085,2009-06-01,15,5220
3086,2009-05-01,19,7980
3089,2009-06-01,30,15876
3094,2009-06-01,54,26488.8
3095,2009-06-01,12,5460
3099,2009-06-01,10,3900
3100,2009-05-01,58,21714
3101,2009-06-01,4,1080
3102,2009-06-01,25,9450
3110,2009-06-01,100,45180.04
3119,2009-06-01,7,2940
3125,2009-06-01,30,14580
3129,2009-06-01,41,22903
3130,2009-06-01,65,28215
3132,2009-06-01,134,54e3
3134,2009-06-01,16,6720
3136,2009-06-01,10,2940
3138,2009-06-01,78,38984.4
3143,2009-06-01,32,6361.28
3144,2009-06-01,6,1620
3148,2009-06-01,250,106045.35
3153,2009-06-01,50,18375
3154,2009-06-01,201,68812.8
3155,2009-06-01,655,254895
3158,2009-07-01,4,1080
3163,2009-07-01,15,6300
3164,2009-07-01,15,6300
3173,2009-07-01,34,14196
3178,2009-07-01,6,2520
3188,2009-07-01,10,4200
3193,2009-07-01,26,12040.01
3203,2009-07-01,25,2500
3209,2009-07-01,36,13608
3211,2009-07-01,15,4300.01
3213,2009-07-01,25,2499.99
3218,2009-07-01,99,46778
3223,2009-07-01,15,6300
3228,2009-07-01,10,3159
3229,2009-07-01,155,37788.76
3230,2009-07-01,90,22275
3233,2009-07-01,13,5460
3234,2009-07-01,802,320971
3238,2009-07-01,26,9828
3239,2009-07-01,15,8100
3243,2009-07-01,75,21315
3248,2009-07-01,10,2200.01
3249,2009-08-01,39,14742
3253,2009-07-01,15,4300.01
3254,2009-07-01,31,14731.2
3255,2009-07-01,16,4720.01
3258,2009-08-01,40,15120
3263,2009-07-01,15,4300.01
3268,2009-08-01,20,6690
3269,2009-07-01,25,11812.5
3270,2009-07-01,200,94080
3273,2009-08-01,25,2499.99
3274,2009-08-01,5,2100
3278,2009-08-01,25,2499.99
3289,2009-08-01,16,6720
3298,2009-09-01,40,15120
3299,2009-09-01,25,2500
3303,2009-08-01,10,5880
3323,2009-09-01,76,36867.600000000006
3338,2009-08-01,13,5460
3339,2009-08-01,7,2940
3340,2009-09-01,25,12862.5
3343,2009-08-01,120,40320
3348,2009-09-01,3,1260
3353,2009-09-01,42,13985
3358,2009-09-01,40,14700
3359,2009-08-01,25,11500.51
3360,2009-09-01,25,9187.5
3361,2009-08-01,120,46314
3363,2009-09-01,18,11584
3364,2009-09-01,25,14580
3365,2009-09-01,25,9450
3378,2009-09-01,6,1770
3380,2009-09-01,6,2520
3384,2009-08-01,30,10470
3385,2009-10-01,25,13230
3388,2009-09-01,10,2700
3398,2009-10-01,20,6900
3399,2009-09-01,20,8400
3403,2009-10-01,25,2499.99
3408,2009-09-01,12,4800
3409,2009-10-01,12,3540
3410,2009-09-01,18,7640
3412,2009-10-01,3,1260
3413,2009-10-01,25,2499.99
3429,2009-10-01,10,1800.12
3433,2009-10-01,110,53920
3438,2009-10-01,11,6468
3445,2009-10-01,5,2100
3449,2009-10-01,200,0
3453,2009-10-01,5,1350
3454,2009-10-01,13,5292
3463,2009-10-01,65,33442.5
3468,2009-08-01,35,16537.5
3473,2009-10-01,34,17679
3478,2009-10-01,25,13338
3483,2009-10-01,75,26985
3488,2009-10-01,41,13343.14
3489,2009-10-01,100,44664
3490,2009-10-01,31,13147.5
3498,2009-11-01,25,2500
3504,2009-10-01,735,297648
3508,2009-11-01,180,87318
3513,2009-11-01,35,18154.5
3518,2009-11-01,16,6720
3528,2009-11-01,35,18522
3543,2009-11-01,39,20638.8
3548,2009-11-01,15,7320
3549,2009-10-01,400,185837.4
3553,2009-09-01,200,67725
3554,2009-11-01,30,9577.5
3558,2009-12-01,35,13230
3563,2009-12-01,8,2460
3564,2009-12-01,9,3780
3568,2009-12-01,10,3900
3583,2009-10-01,19,10789.8
3588,2009-12-01,36,19183.5
3598,2009-12-01,20,8400
3603,2009-12-01,25,7950
3605,2009-12-01,71,31185
3609,2009-12-01,45,10650
3613,2009-12-01,35,16405.2
3618,2009-12-01,9,4260
3628,2009-12-01,19,7980
3633,2009-12-01,27,12060
3638,2009-12-01,61,22785
3643,2009-12-01,4,1230
3648,2009-12-01,50,22950
3653,2009-12-01,118,48880.44
3659,2010-01-01,26,9360
3663,2010-01-01,50,28680
3669,2009-12-01,25,9450
3673,2010-01-01,15,8100
3678,2010-01-01,30,8627.119999999999
3683,2010-01-01,50,23490.03
3688,2010-01-01,7,2940
3689,2010-01-01,139,51628.5
3703,2010-01-01,29,12973.5
3708,2010-01-01,25,2500
3718,2010-01-01,25,2499.99
3728,2010-01-01,20,10260
3738,2010-01-01,10,4200
3753,2010-01-01,40,0
3758,2010-01-01,25,2499.99
3763,2010-01-01,54,28429.8
3768,2010-01-01,50,27033.300000000003
3778,2010-01-01,5,2190
3788,2010-01-01,45,15514
3789,2010-01-01,30,11340
3790,2010-01-01,40,21168
3791,2010-01-01,25,2500
3793,2010-02-01,25,2500
3798,2010-01-01,80,32856
3800,2010-01-01,31,15066
3808,2010-02-01,5,2100
3813,2010-01-01,3,1620
3818,2010-02-01,80,39984
3819,2010-01-01,39,13965
3823,2010-01-01,105,38115
3833,2010-01-01,30,11340
3838,2010-01-01,85,42483
3853,2010-02-01,40,17940
3858,2010-02-01,300,141120
3863,2010-02-01,10,4200
3868,2010-02-01,25,2500
3873,2010-02-01,9,3706.5
3874,2010-02-01,13,5460
3878,2010-02-01,15,8100
3883,2010-03-01,8,2160
3888,2010-03-01,30,12700.01
3889,2010-01-01,25,13230
3898,2010-03-01,10,3e3
3899,2010-03-01,20,7980
3923,2010-03-01,25,2499.99
3928,2010-03-01,30,9840
3958,2010-03-01,15,4800
3963,2010-03-01,7,4116
3968,2010-03-01,40,17904
3973,2010-03-01,51,26989.2
3978,2010-03-01,5,2100
4003,2010-04-01,240,109368
4009,2010-03-01,16,7140
4013,2010-03-01,90,44982
4023,2010-04-01,33,17463.6
4028,2010-04-01,15,4800
4033,2010-03-01,12,5556
4038,2010-03-01,845,189227
4039,2010-03-01,10,5880
4043,2010-04-01,32,12163
4048,2010-04-01,15,4972.5
4053,2010-03-01,50,25725
4058,2010-04-01,10,4200
4060,2010-04-01,4,1610
4075,2010-04-01,15,4800
4076,2010-02-01,6,1620
4078,2010-04-01,15,7320
4103,2010-04-01,38,12989
4108,2010-04-01,8,3360
4113,2010-04-01,30,14994
4114,2010-04-01,25,2500
4118,2010-04-01,1335,499954
4119,2010-04-01,250,117600
4123,2010-04-01,9,3780
4124,2010-04-01,25,12495
4128,2010-04-01,57,29782.2
4133,2010-04-01,33,17463.6
4139,2010-04-01,134,59293
4140,2010-04-01,15,5460
4142,2010-04-01,125,57300
4143,2010-04-01,100,32550
4148,2010-04-01,300,45676
4158,2010-04-01,15,6300
4163,2010-04-01,200,88200
4168,2010-05-01,45,17010
4173,2010-05-01,5,1350
4178,2010-05-01,4,1080
4183,2010-05-01,5,2100
4188,2010-05-01,100,45082.5
4189,2010-05-01,18,7560
4193,2010-05-01,25,2500
4203,2010-04-01,15,4711.75
4233,2010-05-01,17,5461.5
4238,2010-04-01,25,2500
4248,2010-05-01,116,57977
4253,2010-05-01,82,39660.6
4263,2010-05-01,37,15532
4265,2010-05-01,600,264600
4268,2010-05-01,12,4586.4
4273,2010-05-01,62,33722
4283,2010-05-01,20,8190
4288,2010-06-01,36,2500
4293,2010-06-01,25,14700
4298,2010-05-01,8,3780
4308,2010-06-01,19,6480
4313,2010-06-01,25,2499.99
4320,2009-12-01,168,70560
4328,2010-06-01,6,2778
4333,2010-06-01,95,33150.08
4334,2010-06-01,12,5040
4338,2010-06-01,25,12964.8
4343,2010-05-01,25,7687.5
4348,2010-06-01,25,2500
4353,2010-06-01,40,19440
4358,2010-06-01,142,66870.3
4368,2010-06-01,160,75264
4383,2010-06-01,7,2940
4388,2010-06-01,125,55713
4393,2010-07-01,11,6468
4398,2010-07-01,25,13446
4403,2010-06-01,91,30765
4413,2010-07-01,50,6375
4418,2010-07-01,25,2499.99
4423,2010-07-01,25,14700
4433,2010-07-01,130,59535
4458,2010-07-01,15,7897.5
4463,2010-07-01,15,8820
4468,2010-07-01,6,2628
4473,2010-07-01,40,21168
4478,2010-07-01,25,2500
4483,2010-07-01,12,5040
4493,2010-07-01,19,6480
4498,2010-07-01,6,2520
4503,2010-07-01,85,46777
4504,2010-07-01,35,13986
4508,2012-11-01,25,2500
4513,2010-07-01,44,22638
4518,2010-07-01,25,11730
4523,2010-07-01,200,67200
4538,2010-07-01,106,48545.28
4543,2010-07-01,25,13230
4544,2010-08-01,25,14185.5
4553,2010-07-01,35,6974.96
4558,2010-07-01,100,33600
4564,2010-08-01,60,25725
4568,2010-08-01,60,22365
4573,2010-08-01,50,18847.5
4578,2010-08-01,10,4200
4583,2010-08-01,40,19440
4603,2010-08-01,5,1350
4608,2010-08-01,85,30345
4613,2010-08-01,149,50148
4618,2010-08-01,33,18918.9
4619,2010-08-01,35,6675
4623,2010-08-01,25,2500
4629,2011-10-01,10,2700
4643,2010-08-01,15,5890.5
4648,2010-08-01,340,178752
4650,2010-08-01,3,1260
4658,2010-08-01,100,44100
4663,2010-08-01,13,5460
4664,2010-08-01,7,4116
4665,2010-09-01,50,18375
4668,2010-09-01,150,74970
4673,2010-09-01,10,2700
4683,2010-09-01,83,27888
4693,2010-09-01,2,840
4698,2010-09-01,26,12636
4708,2010-09-01,15,4500
4718,2010-09-01,10,2100
4728,2010-10-01,29,10962
4738,2010-09-01,40,14100
4758,2010-09-01,1,420
4763,2010-10-01,200,91140
4768,2010-09-01,32,10674.75
4783,2010-10-01,5,2100
4788,2010-07-01,105,52332
4793,2010-09-01,35,18522
4794,2010-10-01,8,2460
4798,2010-09-01,25,7950
4808,2010-10-01,53,19813.5
4813,2010-10-01,30,11340
4818,2010-10-01,7,4116
4823,2010-10-01,8,4704
4828,2010-10-01,5,2100
4833,2010-10-01,101,36057
4838,2010-09-01,12,5556
4843,2010-09-01,65,19110
4863,2010-10-01,25,2500
4868,2010-10-01,10,3900
4878,2010-10-01,4,1680
4885,2010-10-01,78,28560
4898,2010-10-01,318,149587.2
4903,2010-10-01,20,10260
4910,2010-10-01,50,20212.5
4913,2010-10-01,16,8820
4918,2010-10-01,70,20580
4933,2010-10-01,25,2500
4938,2010-10-01,1500,341040
4943,2010-10-01,15,6300
4948,2010-10-01,1e3,382200
4957,2010-10-01,30,11025
4968,2010-11-01,50,25725
4973,2012-02-01,13,7644
4978,2010-11-01,37,16464
5008,2010-11-01,190,62605.5
5014,2010-10-01,34,14364
5023,2010-11-01,25,2500
5028,2010-11-01,25,12150
5033,2010-11-01,10,2700
5034,2010-11-01,10,5380
5035,2010-11-01,15,4800
5044,2010-11-01,12,2520
5045,2010-11-01,43,25272
5053,2010-11-01,6,2520
5059,2010-11-01,9,5292
5068,2010-12-01,8,2160
5073,2010-10-01,350,154350
5075,2010-12-01,25,9450
5076,2010-12-01,19,7980
5089,2010-10-01,35,13304
5093,2010-12-01,15,8232
5098,2010-12-01,10,4200
5103,2010-12-01,6,2268
5113,2010-12-01,15,8820
5119,2010-12-01,100,52920
5139,2010-12-01,16,6720
5140,2010-12-01,10,5880
5153,2011-01-01,25,2500
5163,2011-01-01,1,588
5164,2011-01-01,84,43071
5165,2010-12-01,25,9450
5166,2011-01-01,178,86348
5168,2011-01-01,12,8056
5173,2011-01-01,20,9240
5181,2010-12-01,2,420
5188,2011-01-01,10,5880
5193,2011-01-01,50,25725
5198,2011-01-01,30,15876
5199,2011-01-01,27,13494.6
5202,2015-12-01,1355,102438
5203,2011-01-01,10,2700
5208,2011-01-01,120,57550.5
5213,2011-01-01,240,107089.5
5218,2011-01-01,40,13620
5228,2010-12-01,100,41234
5239,2013-05-01,2,1176
5240,2013-07-01,381,173621.7
5243,2011-01-01,10,4380
5244,2011-01-01,13,5187
5245,2011-01-01,50,26166
5248,2011-01-01,68,24990
5253,2011-01-01,120,58212
5259,2011-01-01,110,50127
5263,2011-01-01,30,0
5273,2011-01-01,25,13230
5278,2011-01-01,80,40358
5283,2011-01-01,25,12862.5
5288,2011-01-01,651,287091
5293,2011-01-01,18,6060
5299,2011-01-01,70,36015
5300,2011-01-01,25,9450
5303,2011-01-01,12,7056
5308,2011-01-01,25,2500
5314,2011-01-01,305,64550.02
5318,2011-01-01,34,14817.6
5323,2011-02-01,19,10367.7
5338,2011-02-01,10,2880
5341,2011-01-01,370,162082.2
5343,2011-01-01,23,12172
5358,2011-01-01,50,18900
5368,2011-02-01,19,7980
5373,2011-02-01,300,133292.25
5385,2011-02-01,23,9660
5386,2011-02-01,250,121314
5393,2011-01-01,15,6142.5
5398,2011-02-01,10,4200
5404,2011-02-01,16,4548
5405,2011-02-01,110,36720
5418,2011-02-01,60,28512
5423,2011-02-01,25,2500
5428,2011-02-01,10,4200
5429,2011-02-01,10,4200
5433,2011-02-01,300,144355
5438,2011-02-01,26,10920
5444,2011-02-01,50,24225
5448,2011-02-01,25,13230
5453,2011-02-01,12,3540
5454,2011-02-01,25,9450
5458,2014-10-01,35,20580
5463,2011-03-01,6,2520
5469,2011-03-01,25,8832
5480,2011-02-01,13,5334
5483,2011-03-01,180,90478.5
5488,2011-03-01,17,9180
5491,2011-03-01,25,7950
5493,2011-03-01,47,24872.4
5498,2011-03-01,105,50494.5
5503,2011-03-01,18,7560
5504,2011-03-01,78,39925.2
5505,2011-03-01,20,11760
5513,2011-03-01,120,26803
5523,2011-03-01,11,4620
5529,2011-03-01,33,17463.6
5548,2011-03-01,25,0
5558,2011-03-01,25,8706
5568,2011-03-01,25,11362.5
5569,2011-03-01,250,84e3
5570,2011-03-01,25,10800
5573,2011-03-01,25,13230
5578,2011-03-01,25,2500
5583,2011-03-01,2,840
5585,2011-03-01,25,13230
5586,2011-03-01,4,1680
5588,2011-04-01,215,81541
5594,2011-04-01,18,7560
5598,2011-03-01,25,13230
5608,2011-04-01,100,48510
5619,2011-04-01,25,2500
5638,2011-04-01,80,30237.9
5643,2011-04-01,8,2160
5658,2011-04-01,30,9840
5679,2011-04-01,33,2500
5685,2011-04-01,36,11352
5693,2011-04-01,45,17388
5694,2011-04-01,20,6900
5698,2011-04-01,42,15120
5699,2011-04-01,12,6332
5701,2011-04-01,44,17514
5703,2011-04-01,10,5880
5708,2011-04-01,15,8820
5718,2011-04-01,88,41395.2
5719,2011-04-01,90,39984
5720,2011-04-01,55,31532
5723,2011-04-01,15,8820
5724,2011-04-01,75,31912.5
5728,2011-04-01,25,2500
5733,2011-05-01,25,2500
5748,2011-05-01,20,11760
5778,2011-05-01,25,2500
5779,2011-05-01,20,9240
5780,2011-05-01,155,56185.5
5781,2011-04-01,13,5460
5788,2011-05-01,60,28350
5793,2011-05-01,30,13230
5833,2011-05-01,25,10312.5
5835,2011-05-01,15,4800
5838,2011-12-01,85,42483
5843,2011-05-01,25,13230
5853,2011-05-01,400,126e3
5858,2011-05-01,25,2500
5863,2011-05-01,25,2500
5873,2011-05-01,20,8400
5883,2011-05-01,13,4704
5884,2011-05-01,25,3e3
5893,2011-05-01,360,90099
5898,2011-05-01,40,20196
5908,2011-05-01,1,420
5913,2011-05-01,50,22755
5918,2011-06-01,25,2500
5923,2011-06-01,35,13314
5929,2011-05-01,129,64474
5930,2011-06-01,50,25725
5935,2011-06-01,14,5645
5936,2011-06-01,6,3528
5940,2011-06-01,35,18522
5945,2011-06-01,13,7720
5950,2011-06-01,120,41580
5952,2011-06-01,150,51975
5953,2011-06-01,25,5662.5
5954,2011-06-01,616,256283
5975,2011-06-01,40,7e3
6030,2011-06-01,11,4620
6035,2011-06-01,6,2628
6046,2011-06-01,20,11760
6051,2011-06-01,25,9450
6055,2011-06-01,9,1080
6060,2011-06-01,38,13965
6065,2011-06-01,60,24097.5
6070,2011-06-01,100,49980
6075,2011-07-01,11,5940
6080,2011-07-01,38,13998
6120,2011-07-01,96,38304
6135,2011-07-01,25,2500
6150,2011-07-01,35,18522
6160,2011-07-01,25,2500
6165,2011-07-01,10,2700
6175,2011-07-01,50,16350
6180,2011-07-01,280,135007
6191,2011-07-01,19,11172
6195,2011-07-01,25,2500
6205,2011-07-01,13,5460
6230,2011-07-01,45,16140
6240,2011-07-01,25,9450
6251,2012-05-01,40,22344
6265,2011-07-01,10,4200
6266,2011-07-01,25,10800
6270,2011-07-01,25,2500
6275,2011-07-01,30,11340
6285,2011-07-01,50,18637.5
6290,2011-07-01,30,16846.2
6295,2011-07-01,15,4800
6300,2011-07-01,80,41160
6301,2011-07-01,53,22176
6310,2011-08-01,50,24990
6315,2011-07-01,50,18375
6320,2011-06-01,50,17850
6325,2011-08-01,38,12864
6335,2011-07-01,28,14817.6
6350,2011-07-01,71,34442.1
6351,2011-08-01,40,13860
6355,2011-08-01,12,7468
6360,2011-08-01,10,4620
6365,2011-08-01,74,37247
6375,2011-08-01,13,5460
6380,2011-08-01,8,3360
6385,2011-08-01,25,2500
6390,2011-08-01,10,4200
6392,2011-08-01,17,5640
6395,2011-07-01,18,10584
6400,2011-08-01,11,6468
6405,2011-08-01,21,8820
6410,2011-08-01,295,138768
6411,2011-08-01,54,28503.3
6415,2011-08-01,20,8400
6430,2011-08-01,25,2500
6435,2011-07-01,4,1680
6440,2011-07-01,100,49980
6455,2011-07-01,25,12862.5
6456,2011-08-01,20,8400
6457,2011-08-01,295,133564.2
6482,2011-09-01,48,25920
6487,2012-02-01,20,9084
6490,2011-08-01,50,17485
6495,2011-08-01,200,76440
6500,2011-08-01,93,46481
6515,2011-08-01,40,13620
6516,2011-09-01,195,107133.6
6531,2011-09-01,25,10164
6536,2011-09-01,25,2500
6545,2011-09-01,130,59829
6550,2011-09-01,6,2520
6555,2011-09-01,25,2500
6560,2011-08-01,67,24990
6575,2011-09-01,40,16020
6580,2011-08-01,130,63063
6590,2011-09-01,254,113925
6596,2011-09-01,10,2700
6609,2011-09-01,250,117600
6611,2011-09-01,5,2940
6615,2011-09-01,25,2500
6616,2011-09-01,16,6720
6621,2011-09-01,135,65488.5
6630,2011-09-01,185,61047
6651,2011-09-01,53,19981.5
6655,2011-09-01,30,9840
6656,2011-09-01,35,13230
6660,2011-09-01,60,22438.5
6661,2011-09-01,6,2520
6662,2011-09-01,17,7140
6663,2011-09-01,25,9187.5
6664,2011-09-01,60,21127.5
6665,2011-09-01,13,5460
6671,2011-09-01,25,2500
6676,2011-10-01,199,99460.2
6705,2011-09-01,20,11760
6715,2011-09-01,25,13230
6720,2011-09-01,75,28560
6731,2011-10-01,4,1680
6740,2011-10-01,35,17610
6755,2011-10-01,128,62092.8
6760,2011-10-01,200,58800
6775,2011-10-01,1,270
6780,2011-10-01,17,8496
6785,2011-10-01,265,141666
6790,2011-10-01,12,5040
6795,2011-10-01,1,259.5
6815,2011-10-01,29,10962
6832,2014-03-01,24,14112
6835,2011-10-01,42,22226.4
6840,2011-10-01,60,22312.5
6850,2011-09-01,10,4200
6855,2011-10-01,170,62476
6856,2011-10-01,60,30164.4
6862,2011-10-01,48,23328
6864,2011-10-01,8,4704
6866,2011-10-01,25,2500
6872,2011-10-01,560,197568
6895,2011-10-01,20,8400
6900,2011-10-01,60,26730
6905,2011-10-01,135,46778
6921,2011-11-01,9,3780
6931,2011-10-01,200,67725
6955,2011-10-01,12,8056
6960,2011-11-01,100,48510
6970,2011-11-01,150,50400
6982,2011-11-01,110,40424
7000,2011-11-01,156,59298
7010,2011-11-01,90,36720
7015,2011-11-01,20,10408
7020,2011-11-01,100,35700
7021,2011-11-01,55,28297.5
7031,2011-11-01,40,9300
7036,2011-11-01,25,2500
7037,2011-11-01,40,15120
7040,2011-11-01,25,5250
7050,2011-11-01,3,1260
7055,2011-11-01,14,5880
7071,2011-12-01,60,22470
7076,2011-10-01,140,70427.7
7085,2011-11-01,110,64092
7100,2011-11-01,10,4200
7105,2011-11-01,50,19435.5
7115,2011-11-01,100,50421
7116,2011-12-01,90,37800
7131,2011-12-01,15,8820
7140,2011-12-01,30,17496
7145,2011-12-01,1,438
7150,2011-11-01,10,4380
7166,2011-12-01,5,2940
7175,2011-11-01,15,7056
7180,2011-12-01,1500,573300
7185,2011-12-01,10,4200
7190,2011-12-01,15,8820
7193,2011-12-01,25,14582.4
7210,2011-12-01,9,3685.5
7220,2011-12-01,25,9450
7230,2011-12-01,200,91140
7252,2011-12-01,46,13524
7261,2014-01-01,450,205092
7275,2012-01-01,650,205800
7285,2012-01-01,16,6720
7295,2012-01-01,50,18375
7325,2012-01-01,20,11760
7330,2012-01-01,50,23490
7335,2012-01-01,40,14280
7347,2012-01-01,472,192021
7355,2012-01-01,52,17064
7365,2012-01-01,104,60317
7376,2013-03-01,178,92139.6
7383,2012-01-01,165,78982.5
7391,2012-01-01,80,9700
7405,2012-01-01,15,6300
7423,2012-02-01,4,1680
7425,2012-02-01,7,4057.2
7430,2012-01-01,80,39984
7435,2012-02-01,100,34650
7446,2012-02-01,25,9450
7450,2012-02-01,30,11340
7462,2012-02-01,5,2100
7465,2012-02-01,15,5586
7490,2012-02-01,3,1260
7493,2012-02-01,19,9496.2
7507,2012-02-01,37,13986
7508,2012-02-01,105,51744
7512,2012-02-01,110,32628.760000000002
7517,2012-02-01,30,15876
7525,2012-02-01,2,840
7545,2012-03-01,20,8400
7546,2012-02-01,25,2500
7547,2012-03-01,6,2520
7560,2012-02-01,20,6900
7565,2012-03-01,46,24343.2
7566,2012-03-01,45,23814
7575,2012-03-01,7,4116
7576,2012-03-01,25,12612
7577,2012-03-01,25,10080
7578,2012-03-01,25,12862.5
7579,2012-03-01,37,18492.6
7580,2012-03-01,13,5460
7590,2012-03-01,40,11760
7596,2012-03-01,5,1350
7607,2012-03-01,25,2500
7615,2012-03-01,15,5e3
7621,2012-03-01,1,420
7630,2012-03-01,25,9450
7636,2012-03-01,10,2700
7638,2012-01-01,600,193200
7643,2012-03-01,150,70560
7646,2012-03-01,66,24255
7662,2012-03-01,25,8137.5
7666,2013-09-01,409,139104
7685,2012-04-01,16,9408
7692,2012-04-01,26,2955.02
7703,2012-04-01,25,2500
7710,2012-03-01,50,18900
7715,2012-03-01,71,34438
7722,2012-04-01,1,588
7727,2012-02-01,60,29988
7742,2014-12-01,100,49980
7746,2012-04-01,100,49686
7751,2012-04-01,20,8400
7765,2012-04-01,900,370440
7771,2012-04-01,36,15721.33
7792,2012-04-01,6,2628
7801,2012-04-01,30,14376
7805,2012-04-01,41,15498
7806,2012-04-01,180,89523
7807,2012-04-01,51,18490.5
7810,2012-04-01,15,6879
7833,2012-04-01,225,105840
7845,2012-04-01,177,104076
7846,2012-04-01,39,21814.8
7847,2012-04-01,25,7950
7850,2012-04-01,41,15498
7851,2012-04-01,13,4620
7861,2012-04-01,200,90199
7885,2012-04-01,7,4116
7900,2012-04-01,25,2500
7910,2012-04-01,150,66150
7916,2012-05-01,10,5880
7920,2012-05-01,16,9408
7926,2012-05-01,5,2592
7930,2012-04-01,10,2700
7931,2012-04-01,12,3540
7940,2012-05-01,110,53361
7945,2012-05-01,33,11608.62
7961,2012-05-01,42,17196
7965,2012-05-01,17,9996
7970,2012-04-01,50,22755
7971,2012-04-01,10,4200
7975,2012-05-01,125,43312.5
7976,2012-05-01,25,15168
7992,2012-05-01,4,1680
7995,2012-05-01,11,6468
8001,2012-05-01,120,41580
8005,2012-05-01,20,11760
8010,2012-05-01,15,4674
8016,2012-05-01,85,29345
8020,2012-05-01,3,1764
8026,2012-05-01,35,18007.5
8040,2012-05-01,75,34897.5
8065,2012-06-01,11,4620
8070,2012-06-01,15,8820
8075,2012-06-01,75,25200
8086,2012-06-01,1,588
8106,2012-06-01,38,20109.6
8115,2012-06-01,30,11970
8121,2012-06-01,15,6300
8201,2012-07-01,19,10222.380000000001
8210,2012-09-01,911,220484.45
8261,2012-07-01,305,128227.5
8305,2012-06-01,70,25987.5
8312,2012-06-01,1,420
8314,2012-07-01,35,14070
8370,2012-08-01,16,9408
8476,2012-07-01,25,13230
8531,2012-06-01,5,1350
8535,2012-06-01,20,8400
8536,2012-06-01,9,5292
8537,2012-06-01,25,8400
8604,2013-01-01,25,12495
8634,2012-06-01,50,24990
8782,2012-08-01,36,12709.56
8826,2012-06-01,45,16254
8935,2012-06-01,15,8820
9055,2012-07-01,150,70560
9056,2012-06-01,50,26239.5
9102,2012-06-01,25,9187.5
9161,2012-06-01,32,13860
9190,2012-07-01,70,35368.2
9244,2012-06-01,75,36382.5
9265,2012-07-01,10,4200
9380,2012-06-01,33,8913.22
9383,2012-06-01,40,19668
9428,2012-10-01,14,6526.2
9431,2012-07-01,5,2100
9441,2012-10-01,1,588
9452,2012-06-01,25,13230
9456,2012-06-01,200,83456.25
9457,2012-07-01,60,30723
9479,2012-10-01,270,109482
9500,2012-07-01,5,2100
9595,2012-09-01,50,1e4
9609,2012-08-01,32,16934.4
9705,2012-07-01,1,588
9792,2012-10-01,15,6300
9859,2012-08-01,11,4620
9860,2012-06-01,120,43155
9904,2012-07-01,10,5880
9950,2012-09-01,85,39733.5
9997,2012-09-01,200,94815
10071,2012-07-01,10,5880
10132,2012-08-01,125,56962.5
10220,2013-04-01,25,13230
10230,2014-02-01,5,2100
10243,2012-07-01,1,420
10331,2012-08-01,15,6300
10346,2012-09-01,20,8400
10425,2012-07-01,14,5880
10465,2012-07-01,5,2100
10467,2012-07-01,76,33516
10472,2012-07-01,3e3,1146600
10473,2012-07-01,13,5460
10505,2014-04-01,17,7140
10650,2012-09-01,10,4200
10669,2012-07-01,15,6300
10679,2012-07-01,139,56322
10680,2012-07-01,83,42703.5
11014,2012-07-01,42,22520.4
11108,2012-09-01,151,70560
11163,2012-07-01,25,2500
11207,2012-07-01,25,7350
11247,2012-08-01,12,5040
11253,2012-09-01,60,30164.4
11373,2012-07-01,500,185220
11400,2012-10-01,300,123480
11475,2012-10-01,9,3780
11567,2012-09-01,15,8820
11579,2012-07-01,10,4380
11657,2013-03-01,350,113991.33
11667,2012-09-01,65,31914
11842,2012-11-01,5,2940
11846,2012-07-01,7,4116
11932,2016-09-01,1,588
11974,2012-09-01,6,3528
11987,2015-12-01,130,64386
12003,2012-10-01,25,11362.5
12154,2012-08-01,75,35353.5
12217,2012-10-01,85,44982
12273,2012-07-01,14,7560
12358,2012-08-01,25,2500
12432,2012-09-01,50,25725
12529,2012-10-01,4,2352
12577,2012-10-01,11,6468
12812,2012-10-01,125,59902.5
12823,2013-03-01,40,0
12850,2012-08-01,230,121716
12894,2012-09-01,1,588
12973,2012-08-01,15,6300
12992,2016-10-01,45,23814
13173,2013-03-01,86,33957
13198,2012-08-01,47,24549
13259,2012-09-01,18,10584
13366,2012-10-01,35,18816
13482,2012-09-01,10,4147.5
13572,2012-09-01,350,164675
13601,2012-07-01,250,110250
13623,2012-10-01,83,41483.4
13678,2012-10-01,50,13562.5
13918,2013-01-01,25,9450
13979,2012-08-01,15,8820
13997,2012-11-01,80,41233.5
13998,2012-08-01,47,23490.6
14003,2012-08-01,25,9774.66
14014,2012-08-01,70,36015
14112,2013-10-01,19,7980
14188,2013-01-01,36,17395
14208,2012-08-01,15,8820
14211,2014-12-01,30,11340
14303,2012-08-01,25,2500
17944,2016-05-01,400,46051
18632,2016-01-01,30,3240
22176,2012-11-01,7,3066
22703,2014-03-01,25,2500
22735,2012-10-01,35,18008
22770,2012-08-01,15,4410
22849,2012-10-01,19,11172
22940,2012-10-01,170,75190.5
22958,2012-09-01,40,16800
22969,2012-10-01,125,58212
23003,2012-10-01,11,3270
23013,2013-01-01,25,13230
23207,2016-12-01,140,63221
23221,2012-09-01,22,13936
23268,2013-01-01,8,2160
23614,2012-09-01,75,26775
23630,2012-10-01,1,588
23667,2012-10-01,300,135465
23688,2012-11-01,20,4560
23850,2012-11-01,3,360
23863,2012-10-01,35,20580
23867,2012-10-01,60,22365
23890,2013-01-01,30,11340
23895,2012-10-01,6,3528
23979,2012-12-01,155,82320
23980,2012-09-01,25,2500
24044,2013-01-01,17,8747
25398,2012-12-01,236,110926.2
25570,2012-09-01,46,26077.8
25574,2012-10-01,25,9660
25703,2013-01-01,209,88200
25810,2012-10-01,140,69237
25994,2012-11-01,23,12358
26065,2012-10-01,8,3360
26271,2012-11-01,6,1620
26321,2012-10-01,25,2500
26571,2012-11-01,18,10584
26697,2012-10-01,70,36015
26765,2012-10-01,30,13387.5
27985,2013-01-01,10,2280
28364,2012-10-01,3,1260
28592,2012-12-01,100,48583.5
28598,2013-03-01,500,220500
29594,2012-11-01,2,1176
29668,2012-10-01,500,176400
29682,2012-11-01,5,2440
29910,2012-10-01,55,28297.5
30084,2012-10-01,28,11550
30184,2012-12-01,202,82320
30221,2012-11-01,6,1368
30272,2012-11-01,2,456
30304,2012-11-01,25,2500
30318,2012-10-01,830,341628
30330,2012-10-01,70,36015
30439,2012-11-01,25,2500
30522,2013-01-01,100,48510
30533,2013-04-01,102,50980
30664,2012-12-01,13,5323.5
30680,2012-12-01,25,2537
30711,2013-01-01,43,17766
30897,2013-01-01,70,41160
30967,2012-11-01,7,2940
30979,2012-12-01,11,5940
31101,2016-12-01,0,14400
31178,2012-10-01,60,15372
31274,2013-01-01,66,34911
31399,2012-12-01,10,2280
31400,2012-11-01,8,1824
31413,2012-11-01,1,228
31421,2013-02-01,200,97380
31443,2013-04-01,15,8820
31528,2013-01-01,24,5472
31568,2013-02-01,33,17463.6
31571,2013-03-01,9,3780
31574,2012-11-01,105,53361
31600,2012-12-01,2,840
31650,2013-02-01,13,7452.9
31707,2013-01-01,26,14905.800000000001
31838,2012-11-01,25,2500
31840,2013-01-01,7,1596
31948,2012-12-01,25,10353
32100,2012-12-01,1,420
32244,2012-12-01,25,0
32270,2013-03-01,10,2280
32328,2012-12-01,8,1824
32389,2013-02-01,5,1140
32457,2013-01-01,50,20250
32468,2013-01-01,199,65321
32516,2012-12-01,104,51300
32754,2013-02-01,25,2500
32920,2013-01-01,5,2940
32967,2013-01-01,30,13230
33124,2013-02-01,147,73471
33130,2012-12-01,110,34176
33169,2013-02-01,38,14490
33369,2013-10-01,22,5016
33409,2013-01-01,177,95126
33463,2013-01-01,10,4389
33561,2013-03-01,4,1680
33611,2013-06-01,9,5027.4
33652,2013-04-01,20,8400
33662,2013-02-01,25,2500
33683,2013-03-01,6,2520
33702,2018-01-01,10,2940
33777,2013-05-01,150,70560
33883,2013-04-01,15,2964
33990,2018-06-01,15,7938
34212,2013-02-01,35,18522
34293,2013-02-01,30,14112
34310,2013-01-01,25,2500
34322,2013-03-01,15,7200
34368,2013-01-01,31,12432
34453,2013-02-01,25,2500
34573,2013-02-01,5,2100
34683,2013-02-01,1,420
34742,2013-04-01,220,103531
34762,2013-02-01,7,1596
34794,2016-10-01,0,116640
34807,2013-03-01,16,8467.2
34914,2013-01-01,19,7980
34998,2013-01-01,9,3780
35002,2013-01-01,16,9975.8
35161,2013-03-01,20,7560
35183,2013-03-01,67,26768.7
35305,2013-01-01,32,7022.4
35382,2013-03-01,20,8295
35463,2013-03-01,8,3780
35599,2013-03-01,15,7938
35749,2013-03-01,5,2940
35838,2013-03-01,70,35280
35912,2013-03-01,5,2100
35997,2013-02-01,60,21105
36034,2014-01-01,25,2500
36048,2013-01-01,4,1296
36118,2013-04-01,225,105840
36198,2013-03-01,27,14288.4
36247,2013-09-01,10,2280
36313,2013-05-01,398,158238
36467,2013-06-01,69,26628
36522,2013-02-01,12,2736
36529,2013-01-01,27,10206
36565,2013-02-01,36,14700
36657,2013-03-01,20,8400
36768,2013-02-01,145,53288
36773,2013-04-01,27,9156
36803,2017-04-01,0,11203
36993,2013-02-01,106,53656
36994,2013-04-01,10,2280
37003,2013-03-01,14,7560
37004,2013-03-01,8,2940
37046,2013-02-01,21,12348
37131,2013-02-01,21,12348
37252,2013-04-01,1451,511923
37273,2013-04-01,101,49980
37284,2013-04-01,20,9996
37287,2013-05-01,55,28298
37524,2013-04-01,7,4116
37781,2013-07-01,25,13230
37784,2013-04-01,80,37632
37892,2013-04-01,25,9859.5
37899,2016-10-01,0,99543
37920,2013-03-01,30,6156
37977,2014-03-01,70,31899
38003,2013-08-01,13,2964
38086,2013-09-01,50,3825
38108,2013-06-01,120,56448
38116,2013-04-01,25,9450
38123,2013-03-01,10,5880
38128,2013-04-01,40,19440
38131,2013-04-01,16,3648
38212,2013-12-01,14,3192
38233,2013-03-01,15,6300
38235,2013-04-01,3,1260
38384,2013-04-01,40,19992
38452,2013-04-01,3,684
38485,2013-04-01,19,11172
38555,2013-10-01,305,128772
38558,2013-02-01,5,2100
38608,2013-05-01,73,35412.3
38624,2013-04-01,135,69465
38967,2013-05-01,3,1260
38978,2013-03-01,150,68355
39092,2013-04-01,3,1764
39096,2013-03-01,8,3360
39165,2013-06-01,14,5880
39179,2013-04-01,186,92961
39292,2013-05-01,50,26092.5
39367,2013-04-01,200,94080
39371,2013-07-01,27,15876
39465,2014-01-01,25,11392.5
39552,2013-09-01,10,4620
39627,2013-05-01,600,239908
39678,2013-04-01,260,91728
39685,2013-03-01,1,588
39733,2013-04-01,8,3360
39737,2013-05-01,8,1824
39765,2013-04-01,2,456
39883,2014-07-01,1,420
40165,2013-05-01,10,4095
40198,2014-04-01,20,8400
40229,2013-05-01,10,0
40395,2013-05-01,25,2500
40523,2013-04-01,25,2500
40599,2013-07-01,25,1500
40623,2013-06-01,35,16875.6
40713,2013-04-01,30,15876
40787,2013-04-01,38,15120
40832,2013-09-01,10,4200
40861,2014-04-01,20,8400
41048,2013-05-01,25,8925
41094,2013-03-01,2,840
41097,2013-11-01,7,1596
41101,2013-04-01,25,9450
41103,2013-04-01,20,8400
41203,2013-04-01,40,20698
41244,2013-05-01,58,1e4
41322,2013-07-01,475,216457.5
41410,2013-12-01,220,81228
41580,2013-07-01,5,1785
41659,2013-07-01,25,12495
41715,2013-06-01,4,2160
41745,2013-12-01,25,2500
41807,2013-11-01,25,12862.5
41833,2013-05-01,56,19992
41893,2013-05-01,50,25725
41949,2013-12-01,6,3528
41976,2013-07-01,25,2500
42041,2013-08-01,35,16800
42147,2013-05-01,75,26250
42158,2013-07-01,18,7560
42166,2013-09-01,11,4620
42204,2013-07-01,600,281400
42226,2013-05-01,1,228
42312,2013-11-01,3,1764
42326,2014-06-01,18,9996
42332,2013-05-01,25,13230
42387,2013-10-01,3,684
42402,2013-07-01,8,3360
42458,2013-06-01,175,59640
42471,2013-08-01,5,2100
42483,2013-07-01,25,11025
42503,2013-05-01,3500,981960
42638,2013-09-01,1,420
42653,2013-07-01,112,59929
42848,2013-07-01,35,16464
42851,2013-06-01,15,8820
42899,2013-07-01,15,6300
42912,2013-08-01,35,13230
42967,2013-07-01,25,14700
42977,2013-06-01,70,38220
42979,2013-08-01,195,91728
43090,2013-07-01,137,68473
43095,2013-09-01,5,2100
43233,2014-02-01,27,15876
43297,2016-03-01,450,198450
43382,2013-08-01,9,3780
43521,2013-06-01,64,30223.2
43532,2013-09-01,27,14288.4
43548,2013-08-01,180,89859
43560,2013-06-01,28,15120
43679,2013-06-01,2,840
43768,2013-06-01,1,420
43793,2013-06-01,31,17052
43843,2013-06-01,50,24255
43993,2013-06-01,22,9240
44180,2013-07-01,450,201390
44202,2013-07-01,50,24255
44255,2013-06-01,3,684
44264,2013-08-01,25,12495
44354,2014-08-01,17,7140
44432,2013-07-01,10,4200
44469,2013-10-01,10,4095
44502,2014-05-01,15,6300
44511,2013-07-01,335,179895
44536,2014-10-01,83,40983.6
44578,2013-10-01,15,1500
44642,2013-07-01,15,6300
44672,2013-09-01,60,22680
44681,2013-07-01,17,13416
44687,2013-07-01,2,456
44736,2013-07-01,1,228
44789,2013-07-01,58,30693.600000000002
44837,2013-07-01,160,79968
44842,2013-12-01,87,47012
44878,2013-08-01,15,9820
44929,2013-09-01,27,15346.8
44960,2013-09-01,1,120
44963,2013-07-01,35,18522
45014,2014-03-01,100,58800
45062,2013-07-01,225,112602
45063,2013-07-01,175,62706
45065,2013-10-01,145,83496
45089,2014-01-01,38,18169.2
45112,2013-08-01,15,8820
45143,2013-09-01,100,42881.74
45149,2013-11-01,50,21420
45225,2013-09-01,120,62093
45231,2013-09-01,21,12348
45236,2013-08-01,30,12075
45346,2013-09-01,2,840
45363,2013-07-01,7,2940
45477,2013-10-01,395,197421
45497,2013-08-01,26,12474
45524,2013-09-01,6,2520
45526,2013-09-01,119,57726.9
45565,2015-08-01,1,529.2
45568,2013-11-01,350,159495
45574,2013-10-01,4,1680
45728,2013-12-01,260,129948
45908,2013-12-01,75,25200
45932,2013-10-01,11,4620
46066,2013-09-01,40,21168
46086,2014-01-01,172,81643.8
46259,2013-12-01,10,5733
46383,2013-10-01,5,2940
46415,2013-09-01,80,39984
46430,2013-09-01,92,46523
46582,2014-01-01,20,11760
46618,2014-01-01,12,7056
46672,2013-10-01,25,2500
46715,2013-12-01,13,5460
46747,2013-09-01,16,6720
46862,2014-01-01,5,2100
46885,2014-04-01,15,1500
46898,2013-10-01,3,456
46953,2013-09-01,1,588
46991,2013-10-01,3,1260
47063,2013-12-01,60,21743.26
47097,2013-10-01,6,2520
47105,2013-10-01,3,684
47127,2014-08-01,13,5187
47130,2013-10-01,11,4620
47131,2013-10-01,7,1596
47171,2013-10-01,6,3240
47266,2013-11-01,2,456
47345,2013-10-01,10,5292
47355,2013-10-01,15,8820
47406,2013-08-01,35,11781
47591,2014-04-01,11,6468
47727,2013-11-01,8,3360
47821,2013-10-01,15,6300
47822,2013-12-01,10,4095
47851,2013-10-01,1,228
47994,2013-11-01,45,23814
48002,2013-12-01,55,28959
48097,2013-10-01,180,68796
48112,2014-12-01,42,18346
48117,2013-10-01,25,2500
48119,2014-01-01,7,4116
48138,2013-10-01,15,8820
48170,2013-11-01,9,3780
48183,2013-10-01,300,117450
48205,2014-01-01,9,5292
48240,2013-10-01,6,3528
48332,2013-10-01,4,4344
48362,2013-11-01,1035,445057
48387,2013-11-01,28,10584
48496,2013-11-01,15,3420
48702,2013-12-01,3,1764
48709,2013-12-01,14,4032
48713,2013-12-01,420,164863.2
48857,2014-01-01,10,4200
48866,2013-12-01,25,13230
48905,2014-01-01,25,2500
48911,2013-12-01,25,8662.5
48925,2013-12-01,80,35721
48950,2014-02-01,25,2500
48959,2013-12-01,126,66707
48962,2014-01-01,27,10962
49041,2013-12-01,13,2964
49080,2014-01-01,136,71944
49178,2013-12-01,37,10500
49226,2013-11-01,15,6300
49228,2013-12-01,38,16002
49230,2013-12-01,10,5880
49238,2013-11-01,1,228
49365,2014-01-01,3,1260
49435,2013-11-01,1,228
49442,2013-12-01,25,2500
49496,2014-01-01,25,2500
49577,2013-12-01,15,7938
49593,2014-01-01,265,121538
49618,2014-03-01,5,1864
49635,2013-12-01,10,4200
49652,2013-12-01,26,2500
49726,2014-01-01,7,2646
49785,2014-11-01,447,176620.5
49898,2014-01-01,15,8820
49913,2014-03-01,35,18007.5
49953,2014-01-01,75,36382.5
49978,2014-01-01,315,147637
50232,2014-01-01,54,28576.800000000003
50236,2013-12-01,200,98884
50294,2014-07-01,15,6300
50323,2014-05-01,10,4200
50375,2016-10-01,0,13941
50556,2014-01-01,17,9496.2
50686,2014-01-01,7,3704.4
50726,2014-03-01,49,26812.8
50872,2014-01-01,38,19580.4
50894,2014-02-01,175,84892.5
50943,2014-01-01,10,4200
50952,2014-02-01,15,5670
51049,2014-02-01,50,21900
51077,2014-05-01,8,4320
51123,2014-01-01,65,31531.5
51175,2014-05-01,6,2520
51178,2014-04-01,103,38934
51253,2014-05-01,15,6300
51323,2014-10-01,25,2500
51353,2014-01-01,1600,561911
51415,2014-02-01,17,9996
51429,2014-03-01,1,420
51443,2014-01-01,150,70560
51534,2014-01-01,7,2646
51535,2014-01-01,2,840
51631,2014-03-01,100,48510
51654,2014-01-01,5200,1629701
51692,2014-02-01,13,5460
51703,2014-02-01,28,14935.2
51841,2014-04-01,6,3528
51880,2016-07-01,135,13770
51883,2014-05-01,10,5880
51946,2014-04-01,13,7644
52025,2014-03-01,2,1176
52139,2014-05-01,182,47088
52446,2014-05-01,8,3360
52467,2014-03-01,80,40140
52495,2014-03-01,61,31458
52568,2014-02-01,5,2940
52707,2014-04-01,5,2940
52749,2014-04-01,6,2520
52814,2014-02-01,15,8379
52863,2014-03-01,20,8400
53047,2014-03-01,28,16464
53090,2014-04-01,5,2100
53142,2014-05-01,55,32281.2
53220,2014-05-01,125,49980
53326,2016-03-01,150,73500
53362,2014-03-01,25,9450
53370,2014-04-01,26,12289.2
53585,2014-04-01,34,15606
53781,2014-03-01,25,13965
53885,2014-08-01,93,49216
53893,2014-05-01,25,14700
54012,2014-05-01,117,61916.4
54079,2014-05-01,7,4116
54107,2014-05-01,45,26460
54116,2014-09-01,15,8820
54117,2014-07-01,191,87600
54157,2014-04-01,20,0
54278,2014-07-01,8,3360
54283,2014-07-01,7,2940
54449,2014-04-01,30,0
54457,2014-04-01,650,269616
54489,2014-05-01,55,30920
54541,2014-04-01,10,4080
54548,2014-05-01,10,1223.08
54559,2014-07-01,100,52626
54584,2014-05-01,29,14067.9
54616,2014-05-01,80,35019.75
54683,2014-07-01,53,24931.2
54689,2014-05-01,15,8820
54897,2014-05-01,50,26460
54946,2015-08-01,30,16758
55019,2015-09-01,16,6720
55058,2014-06-01,10,5292
55199,2014-07-01,16,9408
55237,2014-06-01,17,6825
55421,2014-06-01,5,600
55465,2015-05-01,30,15876
55474,2014-06-01,172,80908.8
55492,2014-05-01,35,13965
55493,2014-07-01,19,7161
55504,2014-07-01,10,4200
55518,2014-06-01,45,25137
55590,2014-07-01,5,2100
55600,2014-06-01,14,8232
55645,2015-04-01,7,2940
55665,2014-07-01,5,2940
55722,2014-06-01,25,13597.5
55727,2014-07-01,7,2940
55796,2014-06-01,15,6300
55900,2014-07-01,15,7585.2
55918,2014-06-01,50,19462
55932,2014-06-01,37,14763
55933,2014-07-01,7,2940
56008,2014-08-01,750,330750
56013,2014-06-01,30,16464
56102,2014-09-01,25,15700
56112,2014-07-01,396,158336.64
56141,2014-06-01,150,67620
56157,2014-07-01,110,58241
56291,2014-09-01,100,47040
56356,2014-06-01,6,2520
56378,2014-08-01,162,76204.8
56488,2014-07-01,10,5292
56492,2014-07-01,24,10080
56512,2015-10-01,44,4752
56514,2014-10-01,145,72471
56542,2014-08-01,25,7200
56574,2015-01-01,256,123582
56579,2014-10-01,35,20580
56905,2014-09-01,665,312816
56929,2014-08-01,13,6468
56945,2014-10-01,43,15876
57006,2014-07-01,25,11760
57054,2014-10-01,18,24793.440000000002
57098,2014-09-01,20,10819.2
57148,2014-07-01,112,37044
57153,2014-09-01,85,43732.5
57227,2014-08-01,2,1176
57322,2014-07-01,6,2520
57374,2014-09-01,20,11760
57454,2014-07-01,1,588
57513,2014-07-01,3,1260
57552,2014-09-01,50,24990
57632,2014-07-01,25,2500
57639,2014-07-01,1,588
57953,2014-11-01,20,8400
58074,2014-09-01,150,59388
58104,2014-09-01,28,13167
58175,2014-10-01,88,42240
58185,2014-08-01,1,588
58274,2016-01-01,85,44931
58319,2014-09-01,191,101077.2
58444,2015-02-01,25,9450
58584,2014-09-01,55,30723
58595,2014-10-01,30,11907
58633,2014-12-01,88,37913
58670,2014-11-01,30,15435
58819,2014-10-01,18,7560
59098,2015-03-01,100,38640
59123,2014-09-01,25,2500
59162,2015-03-01,16,9408
59214,2015-01-01,19,7980
59226,2014-09-01,20,10819.2
59227,2014-11-01,11,5880
59319,2014-09-01,12,6915
59351,2014-11-01,4450,1389881
59352,2014-11-01,5,2940
59381,2014-10-01,41,16716
59480,2014-09-01,390,155938
59483,2014-10-01,20,10584
59571,2014-11-01,25,13230
59577,2014-10-01,41,21697.2
59596,2014-10-01,49,16433
59661,2015-03-01,46,18838
59688,2016-09-01,5,2940
59737,2014-09-01,30,17640
59856,2014-12-01,350,153468
59858,2014-12-01,275,115101
59907,2014-11-01,16,8749.44
59964,2014-11-01,10,5880
59971,2014-11-01,4,2352
60158,2014-12-01,45,17010
60160,2014-10-01,25,14700
60162,2014-12-01,12,6350.4
60175,2015-06-01,15,5670
60309,2014-10-01,125,64171
60462,2014-10-01,650,264671
60507,2015-04-01,15,6300
60542,2014-12-01,25,13230
60668,2015-01-01,17,9496
60842,2015-01-01,30,11340
60936,2016-11-01,22,9240
60962,2015-01-01,650,304672
61104,2015-05-01,35,12936
61166,2015-01-01,14,6997.2
61210,2015-01-01,35,19551
61362,2014-12-01,75,22050
61391,2014-11-01,6064,1314030.08
61535,2014-12-01,22,12936
61569,2014-12-01,360,169918
61592,2014-12-01,40,21168
61639,2014-12-01,82,37346
61664,2014-12-01,25,14700
61743,2015-05-01,12,5040
61776,2015-02-01,47,23667
61780,2015-03-01,8,4320
61816,2015-08-01,240,119952
61885,2015-02-01,25,13303.5
61899,2015-03-01,150,62622
61970,2014-12-01,1e3,265188
61996,2015-01-01,8,4704
62006,2015-01-01,25,9975
62091,2015-03-01,53,25225.2
62148,2015-01-01,204,94162
62484,2016-05-01,65,23233
62491,2015-03-01,64,37632
62508,2016-10-01,0,680
62571,2015-01-01,33,17807
62656,2015-01-01,46,27048
62773,2015-01-01,32,17404.8
62827,2015-04-01,13,6696
62830,2015-01-01,104,59429
62869,2016-10-01,0,67164
62902,2015-06-01,10,4200
62905,2017-03-01,25,5250
62932,2015-03-01,45,22491
63018,2015-01-01,10,5880
63045,2015-03-01,30,15876
63279,2015-01-01,75,31311
63299,2015-01-01,1030,429176
63301,2015-01-01,1450,507459
63360,2015-01-01,95,53067
63421,2015-03-01,5,2940
63437,2015-02-01,20,7392
63466,2015-02-01,15,7497
63476,2015-02-01,3,1260
63489,2015-03-01,3,1260
63516,2015-03-01,22,9240
63527,2015-03-01,23,11495.4
63571,2015-01-01,310,128928
63572,2015-03-01,80,39984
63785,2016-12-01,18,7098
63871,2015-03-01,30,17228
63933,2015-04-01,25,14700
64001,2015-10-01,354,158150
64026,2015-06-01,17,9996
64049,2015-03-01,16,9408
64063,2015-07-01,85,42600
64103,2015-09-01,70,0
64169,2015-03-01,1,588
64570,2016-01-01,25,13230
64636,2015-04-01,13,6688.5
64692,2015-05-01,15,7497
64836,2015-06-01,46,30987
64998,2015-04-01,65,32487
65007,2015-04-01,20,11172
65009,2015-03-01,1,420
65036,2015-04-01,15,8158.5
65045,2015-03-01,25,14700
65056,2015-04-01,48,23289
65174,2015-03-01,35,0
65217,2016-01-01,13,5460
65290,2015-04-01,5,2793
65333,2015-07-01,7,2793
65347,2015-04-01,10,5880
65556,2015-03-01,24,8568
65622,2015-03-01,55,29870.4
65902,2015-04-01,88,36037
65938,2015-05-01,117,56757
65966,2015-04-01,33,8497
66122,2015-05-01,18,10584
66125,2015-04-01,50,26460
66130,2015-04-01,152,72503
66160,2015-07-01,12,6350.4
66187,2015-05-01,25,13230
66260,2015-05-01,24,8568
66270,2015-05-01,93,51838
66489,2015-06-01,75,36382.5
66515,2015-12-01,400,166862
66532,2015-05-01,7,4116
66610,2015-04-01,10,2880
66655,2015-08-01,17,6783
66658,2015-04-01,31,16405.2
66738,2015-04-01,10,5880
66784,2015-04-01,427,225969
66977,2015-08-01,70,33611
67137,2015-08-01,390,181163
67255,2015-07-01,350,170818
67471,2015-07-01,100,46158
67530,2015-07-01,45,23020.2
67711,2015-06-01,75,37485
67902,2015-06-01,15,8379
67990,2015-06-01,40,21187
68029,2015-07-01,12,7056
68053,2015-06-01,18,10055
68095,2015-08-01,2400,973516
68116,2015-06-01,10,5880
68156,2015-06-01,5,2100
68179,2015-09-01,37,19580.4
68314,2015-09-01,510,254898
68438,2015-08-01,29,14825
68776,2016-09-01,180,47040
68934,2015-06-01,10,3990
69037,2015-07-01,18,7560
69110,2015-07-01,10,2940
69217,2015-07-01,1,588
69248,2015-10-01,28,14818
69292,2016-10-01,40,13608
69390,2015-07-01,25,12495
69395,2015-07-01,135,71442
69444,2015-08-01,95,49626
69542,2015-08-01,350,154250
69856,2015-09-01,595,289856
69902,2015-10-01,250,108486
70031,2016-01-01,20,0
70040,2015-09-01,20,11760
70067,2015-10-01,55,30459
70091,2015-08-01,30,14994
70171,2015-10-01,170,93198
70322,2015-08-01,180,82026
70387,2016-02-01,25,2500
70480,2015-09-01,10,5880
70681,2015-10-01,202,84805
70697,2015-10-01,7,4033.68
70707,2015-09-01,20,11760
70739,2015-10-01,2065,665756
70849,2015-10-01,155,77763
70876,2017-03-01,30,12600
70878,2015-09-01,60,23681
71313,2015-11-01,15,6300
71348,2016-12-01,10,5880
71383,2015-09-01,13,0
71462,2015-12-01,35,19860
71539,2015-10-01,75,40019
71557,2015-09-01,132,67914
71851,2015-10-01,65,33438
71871,2015-10-01,350,150234
72043,2016-11-01,25,2500
72159,2015-10-01,125,62475
72184,2016-05-01,89,46907.7
72198,2015-11-01,6,3528
72253,2015-10-01,50,24990
72259,2015-10-01,3,1764
72270,2015-10-01,58,30353
72452,2015-10-01,125,60858
72647,2016-03-01,160,79924
72738,2016-03-01,52,28590
72800,2015-12-01,45,23814
72810,2016-02-01,30,14994
72812,2016-02-01,67,43117.2
72837,2015-11-01,20,11760
72838,2015-11-01,38,12464.4
72934,2015-11-01,10,4998
72977,2016-02-01,60,0
73155,2015-12-01,700,290472
73249,2016-05-01,3,1764
73259,2016-01-01,30,17199
73303,2015-11-01,20,9996
73330,2016-01-01,1750,382982.04000000004
73407,2016-02-01,60,29106
73563,2016-03-01,2600,751885
73710,2015-12-01,2,1176
73713,2016-01-01,2,1176
73739,2015-12-01,10,5880
74068,2016-10-01,0,0
74166,2015-12-01,165,80997
74291,2016-05-01,15,5355
74487,2016-02-01,62,32810.4
74496,2016-10-01,170,57855
74531,2016-01-01,50,0
74565,2016-03-01,41,15698
74779,2016-02-01,19,11172
74864,2016-01-01,3,1764
74939,2016-01-01,145,76662
74981,2016-03-01,130,46416
74987,2016-02-01,42,16490
75146,2016-01-01,100,49980
75223,2016-01-01,144,38314.08
75227,2016-03-01,215,126420
75431,2016-03-01,90,48179
75627,2016-03-01,15,7497
75808,2016-02-01,20,7770
75810,2016-02-01,185,87024
76628,2016-03-01,20,11760
76739,2016-03-01,15,8055.6
76918,2016-02-01,5,2499
77399,2016-03-01,8,4704
77683,2016-03-01,20,7980
77689,2016-03-01,1075,442470
77745,2016-03-01,35,20580
77746,2016-04-01,21,12307
77898,2016-05-01,20,11760
78426,2016-04-01,120,58485
78436,2016-03-01,29,11933.4
78723,2016-09-01,350,139944
79271,2016-03-01,15,7497
79468,2016-03-01,800,280251
79485,2016-03-01,295,113371
79500,2016-03-01,410,187776
79512,2016-05-01,110,61446
79812,2016-06-01,310,172176
80209,2016-06-01,53,31196
81297,2016-04-01,25,14749
81777,2016-12-01,600,178872
81807,2016-09-01,35,12936
82008,2016-06-01,3,1764
82080,2016-08-01,40,20242
82150,2017-03-01,300,117501
82607,2016-05-01,25,14295
82940,2017-04-01,15,7938
83718,2016-06-01,60,30517
83766,2016-06-01,32,17875
83883,2017-03-01,15,8379
84714,2016-07-01,20,9996
84925,2016-08-01,100,40740
84975,2016-06-01,40,19992
85150,2016-07-01,2,1176
85390,2016-07-01,26,2560
85526,2016-08-01,30,15876
85561,2016-09-01,540,224872
85816,2016-10-01,45,22491
87491,2016-09-01,4,2352
87857,2016-08-01,50,0
87994,2016-08-01,50,0
88084,2017-02-01,44,25872
88349,2016-08-01,750,255972
88351,2018-05-01,10,4900
88362,2016-08-01,30,0
88367,2016-10-01,60,35280
88371,2017-03-01,25,14700
88405,2017-09-01,26,13732
88414,2017-01-01,40,16800
89066,2016-09-01,20,11742
89093,2017-06-01,15,8379
89169,2017-06-01,10,3965
89186,2016-09-01,41,21697.2
89257,2016-09-01,80,43835
89636,2016-09-01,10,4998
93086,2017-11-01,0,33782
93614,2017-12-01,15,7938
100129,2017-06-01,2966,780593
100165,2018-02-01,42,18585
100281,2017-08-01,10,5915
100285,2018-06-01,20,7930
100305,2017-12-01,600,249277
100341,2017-10-01,500,204028
100361,2017-11-01,250,0
100381,2017-11-01,50,0
100581,2018-07-01,10,2828
100601,2018-03-01,10,5231
100621,2018-03-01,50,16857
100641,2018-03-01,100,51269
100672,2016-11-01,67,39396
100761,2018-06-01,10,2753
100841,2018-06-01,25,11013
100901,2018-09-01,120,58288
101044,2016-09-01,10,4012
101092,2016-09-01,204,99570
101652,2016-09-01,106,59944
102636,2017-01-01,40,20160
106596,2016-10-01,275,156057
107148,2016-11-01,15,8820
107644,2016-11-01,25,8064
108572,2016-12-01,250,117600
109376,2016-12-01,10,4900
109540,2016-12-01,100,47882
109608,2016-12-01,200,95050
109804,2016-12-01,10,5586
109860,2016-12-01,150,73977
109952,2017-01-01,1500,581483
110096,2017-02-01,130,73336
111364,2017-03-01,1700,716223
111408,2017-01-01,250,122546
113092,2017-02-01,330,163641
113108,2017-04-01,10,5175
114096,2017-03-01,300,115595
115180,2017-03-01,15,8820
115240,2017-03-01,30,17640
115408,2017-03-01,12,5040
115528,2017-03-01,11,6468
116232,2017-03-01,20,8591
116924,2017-05-01,35,20066
116944,2017-04-01,149,48347
118284,2017-05-01,20,11760
118348,2017-04-01,2,1163
122036,2017-09-01,50,20362
122624,2017-06-01,6,3528
123036,2018-03-01,30,15447
123380,2017-06-01,50,23520
123904,2017-09-01,26,10920
123996,2017-07-01,200,1e5
124076,2017-06-01,221,116953
124264,2017-07-01,80,33984
126064,2018-05-01,5,2940
126096,2017-08-01,10,5880
126264,2017-07-01,130,67799
127772,2017-09-01,95,33936
128348,2017-08-01,5,2940
128352,2017-12-01,75,35280
128872,2017-10-01,40,18333
130040,2017-10-01,30,16317
130072,2017-11-01,20,10087
130100,2017-09-01,6,1764
131160,2017-09-01,127,62391
131336,2017-09-01,50,29481
132388,2017-10-01,5,2940
132396,2017-10-01,80,41851
132868,2017-11-01,100,49980
132944,2017-11-01,30,14994
133012,2017-11-01,1,588
133240,2018-02-01,350,174370
133260,2018-03-01,2,1176
135024,2017-12-01,10,5886
135752,2017-12-01,1150,381341
136552,2017-12-01,50,17829
136768,2017-12-01,50,29400
136996,2018-01-01,15,8820
137304,2018-01-01,70,29364
137412,2017-12-01,50,0
137588,2017-12-01,50,0
138540,2018-05-01,30,20596
139624,2018-03-01,10,2940
140552,2018-02-01,10,2940
140784,2018-05-01,100,58800
143128,2018-07-01,0,0
143316,2018-03-01,473,132961
143784,2018-03-01,20,9996
143912,2018-04-01,1,588
144236,2018-07-01,0,0
144300,2018-05-01,680,299880
145200,2018-06-01,55,20948
145328,2018-05-01,10,2940
146152,2018-09-01,4,2758
146488,2018-08-01,15,8724
146636,2018-06-01,80,32400
146836,2018-04-01,170,67916
147904,2018-06-01,50,16820
147952,2018-05-01,20,10584
148016,2018-05-01,50,28224
148352,2018-07-01,50,18e3
148796,2018-07-01,10,2940
148816,2018-05-01,300,149940
148984,2018-07-01,150,37540
149404,2018-06-01,50,18e3
149628,2018-06-01,10,2940
149997,2017-05-01,1,357
149998,2017-03-01,50,15877
150001,2017-06-01,2125,69956
150002,2017-06-01,30,13216
150003,2017-06-01,50,16658
150004,2017-10-01,200,34408
150005,2017-12-01,10,2940
150006,2018-03-01,100,0
150007,2018-09-01,25,10953
150332,2018-07-01,3,1750
150700,2018-06-01,140,69908
150792,2018-06-01,5,2176
152124,2018-08-01,12,7056
152572,2018-07-01,25,2500
153000,2018-08-01,10,2940
153940,2018-09-01,10,2940
154556,2018-08-01,100,0
154848,2018-08-01,10,4704
155572,2018-09-01,30,17640
156452,2018-09-01,20,8702
156560,2018-09-01,50,17975
156608,2018-09-01,1,2176
1000008,2008-12-01,0,2340
1000032,2015-11-01,50,5130
1000033,2016-03-01,1e3,75600
5000000,2009-07-01,19,10003.5
5000001,2009-04-01,30,0
6664508,2010-07-01,25,2500
7000001,2008-03-01,27500,3003333.33
7000002,2006-09-01,2575,954751.46
7000003,2005-01-01,1755,722358
7000004,2007-11-01,2379,979008
7000005,2006-04-01,360,149910.92
7000006,2006-02-01,260,99397.45999999999
7000007,2008-01-01,7475,2261834
7000008,2008-04-01,705,271657.5
7000009,2007-02-01,75,7500
7000010,2008-09-01,25e3,1817880.01
7000011,2007-12-01,220,98532
7000012,2005-06-01,3652,1151294.76
7000013,2007-10-01,167,57246
7000014,2009-09-01,529,100047
7000015,2008-03-01,330,110880
7000016,2008-06-01,7550,1998602
7000017,2007-06-01,460,161827.16
7000018,2007-11-01,221,80611.5
7000019,2007-11-01,805,327323.75
7000020,2007-08-01,78,40028.1
7000021,2008-12-01,340,154188.27
7000022,2007-09-01,1800,544432.23
7000023,2010-11-01,340,154819
7000024,2006-11-01,1100,345425
7000025,2006-10-01,180,71280
7000026,2010-01-01,85,41685
7000027,2006-10-01,21,8190
7000029,2008-05-01,2305,936622
7000030,2005-09-01,500,201390
7000031,2007-02-01,16,5005.2
7000032,2008-06-01,19890,3856810
7000033,2009-07-01,4372,1670978
7000034,2006-04-01,56,36150
7000037,2008-08-01,318,137454
7000038,2007-04-01,9,7020
7000040,2005-12-01,444,217447
7000041,2006-08-01,60,17340
7000042,2006-08-01,75,36382.5
7000045,2008-10-01,150,62370
7000048,2008-10-01,27,9922.5
7000049,2006-03-01,2115,775226
7000050,2007-07-01,20,4560
7000051,2008-08-01,3175,468546
7000052,2009-05-01,76,26257.5
7000053,2008-01-01,643,304063
7000055,2007-08-01,400,133542
7000058,2008-11-01,151,18220.29
7000059,2008-08-01,40,7299.99
7000060,2007-12-01,270,158172
7000061,2006-08-01,18580,2227858
7000063,2006-04-01,270,109184
7000064,2008-05-01,55,22350
7000066,2006-12-01,30,6156
7000067,2005-09-01,5850,1939345.41
7000069,2008-09-01,75,31575
7000070,2006-10-01,150,51450
7000071,2007-07-01,40,20152.5
7000072,2007-09-01,81,32098.8
7000076,2010-04-01,100,48510
7000077,2009-09-01,250,113925
7000078,2008-03-01,1006,269293.76
7000080,2007-12-01,728,141786.25999999998
7000081,2007-11-01,888,371799
7000082,2005-04-01,18,14040
7000083,2005-03-01,7,5060
7000085,2007-09-01,1130,436441
7000086,2010-05-01,209,66138.72
7000087,2009-05-01,4,1260
7000088,2009-10-01,1520,666948
7000090,2007-09-01,300,89784
7000091,2010-09-01,6473,866109
7000092,2008-08-01,689,303849
7000093,2009-09-01,403,144585
7000094,2008-12-01,2485,476471
7000095,2007-12-01,725,282511.68
7000096,2010-07-01,2589,1025149
7000097,2010-09-01,185,90846
7000098,2010-01-01,2146,642978
7000099,2010-07-01,615,257470.5
7000100,2010-10-01,2155,761460
7000101,2007-08-01,4904,1140580
7000102,2010-03-01,1064,336996.66
7000105,2010-12-01,5643,1977397
7000106,2010-04-01,353,176694
7000107,2009-06-01,13250,212e4
7000108,2011-03-01,816,208736.36
7000112,2007-02-01,570,253679.5
7000114,2011-02-01,61,30345
7000115,2010-09-01,800,282196.5
7000117,2012-04-01,1500,617400
7000118,2011-01-01,1515,608053.5
7000119,2011-02-01,595,210667
7000120,2008-12-01,2700,757320.61
7000125,2007-04-01,180,24780
7000126,2004-07-01,1458,197840.69
7000127,2011-05-01,929,231880
7000128,2011-06-01,611,273043.68
7000129,2013-01-01,235,75690
7000130,2006-03-01,110,49119
7000131,2007-08-01,171,77309.11
7000133,2010-08-01,80,31752
7000134,2011-03-01,100,47334
7000135,2008-12-01,80,30166.5
7000136,2006-03-01,200,91140
7000137,2009-12-01,20,5460
7000138,2007-02-01,3630,1377023
7000140,2008-11-01,605,139196.9
7000141,2009-06-01,373,177772
7000142,2009-05-01,555,145915
7000143,2011-07-01,570,247235.63
7000147,2009-10-01,100,29275
7000148,2009-12-01,423,41760.119999999995
7000152,2009-05-01,18500,4459838.04
7000153,2010-12-01,300,127890
7000154,2010-12-01,83,40263.3
7000155,2010-11-01,413,136275.31
7000156,2009-04-01,919,379582.14
7000158,2011-01-01,114,57594.6
7000159,2012-01-01,603,294470.4
7000160,2009-04-01,51,17850
7000161,2009-11-01,60,13590
7000162,2011-07-01,230,105840
7000164,2006-09-01,285,123343.5
7000165,2011-01-01,80,33216
7000173,2011-11-01,2501,896500
7000174,2011-02-01,87,40966.8
7000175,2009-04-01,614,187072.72
7000177,2010-12-01,4555,1256432
7000178,2008-06-01,154,58073.4
7000179,2010-01-01,1850,174706.02
7000180,2011-04-01,190,72765
7000181,2007-06-01,2050,934054
7000182,2012-04-01,265,124656
7000183,2012-07-01,7e3,668500
7000184,2007-02-01,1300,405132
7000185,2008-09-01,625,219170
7000186,2010-09-01,136,63066
7000187,2011-01-01,33,18816
7000188,2009-06-01,165,56912.4
7000189,2011-06-01,89,46599
7000190,2011-04-01,291,138726
7000191,2008-03-01,51,25410
7000192,2011-05-01,6800,2318045
7000193,2011-11-01,57,20559
7000194,2011-01-01,962,289978.5
7000195,2012-10-01,230,110985
7000196,2009-03-01,573,250250
7000197,2010-04-01,875,360150
7000199,2011-08-01,62,36456
7000200,2011-01-01,50,26092.5
7000201,2013-03-01,20,7140
7000202,2012-09-01,319,150097
7000203,2011-03-01,343,157313
7000204,2010-05-01,109,43533
7000205,2011-04-01,132,43050
7000206,2008-12-01,200,64780
7000207,2013-01-01,3e3,1093680
7000208,2011-04-01,73,37558.5
7000209,2012-03-01,675,158500
7000210,2010-01-01,465,151452.5
7000211,2010-12-01,371,189909
7000212,2008-12-01,696,265246.8
7000213,2013-05-01,421,152454
7000214,2009-02-01,90,32130
7000216,2013-03-01,20,10560
7000217,2010-07-01,25,2500
7000218,2011-07-01,141,26398.239999999998
7000220,2013-02-01,55,31587.5
7000221,2013-01-01,550,242550
7000222,2007-10-01,1600,449980
7000224,2012-10-01,286,142046.1
7000225,2008-12-01,450,148575.02
7000227,2009-01-01,355,149148
7000228,2012-12-01,25,2500
7000229,2011-04-01,12358,1561162
7000230,2011-07-01,150,74900
7000231,2012-10-01,50,25725
7000232,2012-04-01,318,126236.25
7000233,2011-11-01,200,74940
7000234,2009-01-01,602,317486
7000236,2009-06-01,1910,760001
7000238,2012-10-01,375,176400
7000239,2014-02-01,2500,958693
7000240,2013-10-01,80,39984
7000242,2012-07-01,715,225225
7000243,2013-12-01,195,89155.5
7000245,2013-04-01,296,147132.3
7000246,2009-09-01,830,346508
7000247,2013-01-01,85,38220
7000249,2013-03-01,500,246372
7000250,2011-01-01,107,27888
7000251,2011-08-01,1700,574770
7000253,2012-12-01,35,23080
7000254,2013-09-01,15388,4106343.93
7000255,2008-04-01,72,42336
7000256,2013-11-01,498,263541.60000000003
7000257,2012-10-01,162,78586.2
7000258,2014-01-01,110,53361
7000259,2014-05-01,36,17676
7000260,2012-02-01,1500,409155
7000261,2013-03-01,14150,3744090
7000262,2013-05-01,350,177055
7000263,2012-03-01,1800,556956.01
7000264,2011-04-01,555,243705
7000265,2013-10-01,122,69138
7000266,2006-03-01,3411,517380.18
7000267,2013-10-01,118,58976.4
7000268,2011-11-01,210,96174.31
7000269,2014-09-01,315,143178
7000270,2004-07-01,25,9300
7000271,2009-07-01,395,147683
7000272,2012-10-01,50,5e3
7000273,2013-11-01,450,205065
7000274,2007-10-01,2e3,776518
7000275,2012-06-01,1250,513056
7000276,2013-04-01,427,200918
7000277,2013-03-01,30,17640
7000278,2010-05-01,2950,1260439
7000279,2012-11-01,34,13495
7000280,2014-09-01,133,42183.7
7000281,2015-07-01,40,13608
7000282,2015-07-01,520,245921
7000283,2015-01-01,75,21640
7000284,2010-04-01,100,48877.5
7000285,2015-04-01,143,75009
7000286,2009-03-01,55,19258
7000287,2010-05-01,1330,443541.5
7000288,2011-04-01,500,174048
7000289,2011-11-01,410,163806
7000290,2008-09-01,7517,504951
7000291,2014-11-01,675,245634
7000292,2015-03-01,8e3,2511655
7000293,2014-07-01,2960,1259631
7000294,2013-03-01,340,142246
7000295,2011-04-01,135,71645
7000296,2015-06-01,63,8526
7000297,2012-03-01,90,23100
7000298,2013-12-01,910,376686
7000299,2006-03-01,120,19800
7000300,2014-03-01,60,5713
7000301,2013-09-01,126,24696
7000302,2015-07-01,35,18522
7000303,2009-04-01,109,10080
7000304,2011-07-01,45,21456
7000305,2010-01-01,52,22176
7000306,2014-04-01,78,1260
7000307,2011-12-01,125,17640
7000308,2014-12-01,2674,963721
7000309,2016-05-01,1100,52794.72
7000310,2012-11-01,155,89111
7000311,2015-03-01,3060,967124
7000312,2017-03-01,37,16464
7000313,2015-12-01,1640,575773
7000314,2016-07-01,118,67499
7000315,2014-07-01,1900,698127
7000316,2011-01-01,1200,500901
7000317,2012-07-01,4e3,1331525.72
7000318,2011-07-01,513,226233
7000319,2014-08-01,154,46181
7000320,2014-04-01,260,123501
7000321,2016-10-01,505,41865
7000322,2016-10-01,0,1920
7000323,2016-10-01,405,176109
7000324,2016-10-01,150,72666
7000325,2016-10-01,190,91118
7000326,2016-11-01,23,11495
7000327,2017-10-01,2,0
7000328,2016-11-01,435,204392
7000329,2016-10-01,1825,708083
7000330,2016-11-01,39,11466
7000331,2016-10-01,2,2796
7000332,2016-10-01,14,8232
7000333,2016-10-01,27,16109
7000334,2016-10-01,70,36454
7000335,2016-10-01,241,116923
7000336,2017-02-01,25,14602
7000337,2016-10-01,65,17010
7000338,2017-06-01,54,28539
7000339,2016-10-01,47,27769
7000340,2016-10-01,555,244469
7000341,2016-10-01,1370,566180
7000342,2016-10-01,54,26720
7000343,2018-02-01,3250,1369573
7000344,2016-10-01,29,15651
7000345,2017-03-01,272,139597
7000347,2016-10-01,6800,1625820
7000348,2017-04-01,1,588
7000349,2017-03-01,30,14856
7000350,2017-01-01,100,85676
7000351,2016-10-01,85,44608
7000352,2007-06-01,845,278586
